word_idx,sentence_id,language,target_text,components,span_start,span_end,pseudo_sentence,quality_flag
0,1,ar,حملة,حملة,0,1,حملة قرد وسط,pseudo_sentence_word_context
1,1,ar,قرد,قرد,1,2,حملة قرد وسط,pseudo_sentence_word_context
2,1,ar,وسط,وسط,2,3,حملة قرد وسط,pseudo_sentence_word_context
3,2,ar,الأماكن,الأماكن,0,1,الأماكن الحيوانات يذهب الأماكن مصمم الجنس البشري الجنس البشري,pseudo_sentence_word_context
4,2,ar,الحيوانات,الحيوانات,1,2,الأماكن الحيوانات يذهب الأماكن مصمم الجنس البشري الجنس البشري,pseudo_sentence_word_context
5,2,ar,يذهب,يذهب,2,3,الأماكن الحيوانات يذهب الأماكن مصمم الجنس البشري الجنس البشري,pseudo_sentence_word_context
6,2,ar,الأماكن,الأماكن,3,4,الأماكن الحيوانات يذهب الأماكن مصمم الجنس البشري الجنس البشري,pseudo_sentence_word_context
7,2,ar,مصمم,مصمم,4,5,الأماكن الحيوانات يذهب الأماكن مصمم الجنس البشري الجنس البشري,pseudo_sentence_word_context
8,2,ar,الجنس البشري,الجنس | البشري,5,7,الأماكن الحيوانات يذهب الأماكن مصمم الجنس البشري الجنس البشري,pseudo_sentence_word_context
9,2,ar,الجنس البشري,الجنس | البشري,7,9,الأماكن الحيوانات يذهب الأماكن مصمم الجنس البشري الجنس البشري,pseudo_sentence_word_context
10,2,ar,حملة,حملة,9,10,الأماكن الحيوانات يذهب الأماكن مصمم الجنس البشري الجنس البشري,isolated_word_fallback_span_out_of_range
11,2,ar,نهاية,نهاية,10,11,الأماكن الحيوانات يذهب الأماكن مصمم الجنس البشري الجنس البشري,isolated_word_fallback_span_out_of_range
12,3,ar,مكان,مكان,0,1,حملة نهاية مكان بدء,pseudo_sentence_word_context
13,3,ar,بدء,بدء,1,2,حملة نهاية مكان بدء,pseudo_sentence_word_context
14,3,ar,يشرح,يشرح,2,3,حملة نهاية مكان بدء,pseudo_sentence_word_context
15,3,ar,قصة,قصة,3,4,حملة نهاية مكان بدء,pseudo_sentence_word_context
16,4,ar,بدء,بدء,0,1,يشرح,pseudo_sentence_word_context
17,5,ar,عميق,عميق,0,1,قصة بدء عميق الغابات المطيرة غير مُسَمًّى,pseudo_sentence_word_context
18,5,ar,الغابات المطيرة,الغابات | المطيرة,1,3,قصة بدء عميق الغابات المطيرة غير مُسَمًّى,pseudo_sentence_word_context
19,5,ar,غير,غير,3,4,قصة بدء عميق الغابات المطيرة غير مُسَمًّى,pseudo_sentence_word_context
20,5,ar,مُسَمًّى,مُسَمًّى,4,5,قصة بدء عميق الغابات المطيرة غير مُسَمًّى,pseudo_sentence_word_context
21,5,ar,كم سنة؟,كم | سنة,5,7,قصة بدء عميق الغابات المطيرة غير مُسَمًّى,pseudo_sentence_word_context
22,5,ar,مصور,مصور,7,8,قصة بدء عميق الغابات المطيرة غير مُسَمًّى,isolated_word_fallback_span_out_of_range
23,5,ar,يسافر,يسافر,8,9,قصة بدء عميق الغابات المطيرة غير مُسَمًّى,isolated_word_fallback_span_out_of_range
24,6,ar,منزل,منزل,0,1,كم سنة؟ مصور يسافر منزل إنجلترا تصوير فرقة القرود,pseudo_sentence_word_context
25,6,ar,إنجلترا,إنجلترا,1,2,كم سنة؟ مصور يسافر منزل إنجلترا تصوير فرقة القرود,pseudo_sentence_word_context
26,6,ar,تصوير,تصوير,2,3,كم سنة؟ مصور يسافر منزل إنجلترا تصوير فرقة القرود,pseudo_sentence_word_context
27,6,ar,فرقة,فرقة,3,4,كم سنة؟ مصور يسافر منزل إنجلترا تصوير فرقة القرود,pseudo_sentence_word_context
28,6,ar,القرود,القرود,4,5,كم سنة؟ مصور يسافر منزل إنجلترا تصوير فرقة القرود,pseudo_sentence_word_context
29,6,ar,مجهول,مجهول,5,6,كم سنة؟ مصور يسافر منزل إنجلترا تصوير فرقة القرود,pseudo_sentence_word_context
30,6,ar,الجميع,الجميع,6,7,كم سنة؟ مصور يسافر منزل إنجلترا تصوير فرقة القرود,pseudo_sentence_word_context
31,6,ar,يوم,يوم,7,8,كم سنة؟ مصور يسافر منزل إنجلترا تصوير فرقة القرود,pseudo_sentence_word_context
32,6,ar,التالي,التالي,8,9,كم سنة؟ مصور يسافر منزل إنجلترا تصوير فرقة القرود,pseudo_sentence_word_context
33,7,ar,سميك,سميك,0,1,مجهول الجميع يوم التالي سميك غابة الكروم موحل تشابك بيت العنكبوت سامة الثعابين,pseudo_sentence_word_context
34,7,ar,غابة,غابة,1,2,مجهول الجميع يوم التالي سميك غابة الكروم موحل تشابك بيت العنكبوت سامة الثعابين,pseudo_sentence_word_context
35,7,ar,الكروم,الكروم,2,3,مجهول الجميع يوم التالي سميك غابة الكروم موحل تشابك بيت العنكبوت سامة الثعابين,pseudo_sentence_word_context
36,7,ar,موحل,موحل,3,4,مجهول الجميع يوم التالي سميك غابة الكروم موحل تشابك بيت العنكبوت سامة الثعابين,pseudo_sentence_word_context
37,7,ar,تشابك,تشابك,4,5,مجهول الجميع يوم التالي سميك غابة الكروم موحل تشابك بيت العنكبوت سامة الثعابين,pseudo_sentence_word_context
38,7,ar,بيت العنكبوت,بيت | العنكبوت,5,7,مجهول الجميع يوم التالي سميك غابة الكروم موحل تشابك بيت العنكبوت سامة الثعابين,pseudo_sentence_word_context
39,7,ar,سامة,سامة,7,8,مجهول الجميع يوم التالي سميك غابة الكروم موحل تشابك بيت العنكبوت سامة الثعابين,pseudo_sentence_word_context
40,7,ar,الثعابين,الثعابين,8,9,مجهول الجميع يوم التالي سميك غابة الكروم موحل تشابك بيت العنكبوت سامة الثعابين,pseudo_sentence_word_context
41,7,ar,شخص,شخص,9,10,مجهول الجميع يوم التالي سميك غابة الكروم موحل تشابك بيت العنكبوت سامة الثعابين,pseudo_sentence_word_context
42,7,ar,اسم,اسم,10,11,مجهول الجميع يوم التالي سميك غابة الكروم موحل تشابك بيت العنكبوت سامة الثعابين,pseudo_sentence_word_context
43,7,ar,يذهب,يذهب,11,12,مجهول الجميع يوم التالي سميك غابة الكروم موحل تشابك بيت العنكبوت سامة الثعابين,pseudo_sentence_word_context
44,7,ar,مدهش,مدهش,12,13,مجهول الجميع يوم التالي سميك غابة الكروم موحل تشابك بيت العنكبوت سامة الثعابين,pseudo_sentence_word_context
45,7,ar,قرد,قرد,13,14,مجهول الجميع يوم التالي سميك غابة الكروم موحل تشابك بيت العنكبوت سامة الثعابين,isolated_word_fallback_span_out_of_range
46,8,ar,قرد,قرد,0,1,شخص,pseudo_sentence_word_context
47,9,ar,يقابل,يقابل,0,1,اسم يذهب,pseudo_sentence_word_context
48,9,ar,القرود,القرود,1,2,اسم يذهب,pseudo_sentence_word_context
49,10,ar,يقول,يقول,0,1,مدهش قرد,pseudo_sentence_word_context
50,10,ar,متوسط,متوسط,1,2,مدهش قرد,pseudo_sentence_word_context
51,11,ar,عالم,عالم,0,1,قرد,pseudo_sentence_word_context
52,12,ar,يعرف,يعرف,0,1,يقابل القرود يقول متوسط عالم,pseudo_sentence_word_context
53,12,ar,يعرف,يعرف,1,2,يقابل القرود يقول متوسط عالم,pseudo_sentence_word_context
54,12,ar,قليلاً قليلاً,قليلاً | قليلاً,2,4,يقابل القرود يقول متوسط عالم,pseudo_sentence_word_context
55,12,ar,قرد,قرد,4,5,يقابل القرود يقول متوسط عالم,pseudo_sentence_word_context
56,12,ar,قرد,قرد,5,6,يقابل القرود يقول متوسط عالم,isolated_word_fallback_span_out_of_range
57,13,ar,آداب السلوك,آداب | السلوك,0,2,يعرف يعرف قليلاً قليلاً قرد قرد آداب السلوك عرض تقديمي أسنان عرض أسنان التحديق وجه,pseudo_sentence_word_context
58,13,ar,عرض تقديمي,عرض | تقديمي,2,4,يعرف يعرف قليلاً قليلاً قرد قرد آداب السلوك عرض تقديمي أسنان عرض أسنان التحديق وجه,pseudo_sentence_word_context
59,13,ar,أسنان,أسنان,4,5,يعرف يعرف قليلاً قليلاً قرد قرد آداب السلوك عرض تقديمي أسنان عرض أسنان التحديق وجه,pseudo_sentence_word_context
60,13,ar,عرض,عرض,5,6,يعرف يعرف قليلاً قليلاً قرد قرد آداب السلوك عرض تقديمي أسنان عرض أسنان التحديق وجه,pseudo_sentence_word_context
61,13,ar,أسنان,أسنان,6,7,يعرف يعرف قليلاً قليلاً قرد قرد آداب السلوك عرض تقديمي أسنان عرض أسنان التحديق وجه,pseudo_sentence_word_context
62,13,ar,التحديق,التحديق,7,8,يعرف يعرف قليلاً قليلاً قرد قرد آداب السلوك عرض تقديمي أسنان عرض أسنان التحديق وجه,pseudo_sentence_word_context
63,13,ar,وجه,وجه,8,9,يعرف يعرف قليلاً قليلاً قرد قرد آداب السلوك عرض تقديمي أسنان عرض أسنان التحديق وجه,pseudo_sentence_word_context
64,13,ar,أسرار,أسرار,9,10,يعرف يعرف قليلاً قليلاً قرد قرد آداب السلوك عرض تقديمي أسنان عرض أسنان التحديق وجه,pseudo_sentence_word_context
65,13,ar,قادر,قادر,10,11,يعرف يعرف قليلاً قليلاً قرد قرد آداب السلوك عرض تقديمي أسنان عرض أسنان التحديق وجه,pseudo_sentence_word_context
66,13,ar,جيد,جيد,11,12,يعرف يعرف قليلاً قليلاً قرد قرد آداب السلوك عرض تقديمي أسنان عرض أسنان التحديق وجه,pseudo_sentence_word_context
67,13,ar,التصوير الفوتوغرافي,التصوير | الفوتوغرافي,12,14,يعرف يعرف قليلاً قليلاً قرد قرد آداب السلوك عرض تقديمي أسنان عرض أسنان التحديق وجه,pseudo_sentence_word_context
68,13,ar,تحضير,تحضير,14,15,يعرف يعرف قليلاً قليلاً قرد قرد آداب السلوك عرض تقديمي أسنان عرض أسنان التحديق وجه,pseudo_sentence_word_context
69,13,ar,حيوان,حيوان,15,16,يعرف يعرف قليلاً قليلاً قرد قرد آداب السلوك عرض تقديمي أسنان عرض أسنان التحديق وجه,isolated_word_fallback_span_out_of_range
70,13,ar,هادئ,هادئ,16,17,يعرف يعرف قليلاً قليلاً قرد قرد آداب السلوك عرض تقديمي أسنان عرض أسنان التحديق وجه,isolated_word_fallback_span_out_of_range
71,13,ar,ركلة,ركلة,17,18,يعرف يعرف قليلاً قليلاً قرد قرد آداب السلوك عرض تقديمي أسنان عرض أسنان التحديق وجه,isolated_word_fallback_span_out_of_range
72,14,ar,مطلوب,مطلوب,0,1,أسرار قادر جيد التصوير الفوتوغرافي تحضير حيوان هادئ,pseudo_sentence_word_context
73,14,ar,ممتلىء,ممتلىء,1,2,أسرار قادر جيد التصوير الفوتوغرافي تحضير حيوان هادئ,pseudo_sentence_word_context
74,14,ar,وجه,وجه,2,3,أسرار قادر جيد التصوير الفوتوغرافي تحضير حيوان هادئ,pseudo_sentence_word_context
75,14,ar,لَوحَة,لَوحَة,3,4,أسرار قادر جيد التصوير الفوتوغرافي تحضير حيوان هادئ,pseudo_sentence_word_context
76,14,ar,عدسة,عدسة,4,5,أسرار قادر جيد التصوير الفوتوغرافي تحضير حيوان هادئ,pseudo_sentence_word_context
77,14,ar,وقت,وقت,5,6,أسرار قادر جيد التصوير الفوتوغرافي تحضير حيوان هادئ,pseudo_sentence_word_context
78,14,ar,أخذ,أخذ,6,7,أسرار قادر جيد التصوير الفوتوغرافي تحضير حيوان هادئ,pseudo_sentence_word_context
79,14,ar,ركلة,ركلة,7,8,أسرار قادر جيد التصوير الفوتوغرافي تحضير حيوان هادئ,pseudo_sentence_word_context
80,15,ar,القرود,القرود,0,1,ركلة مطلوب ممتلىء وجه لَوحَة عدسة,pseudo_sentence_word_context
81,15,ar,ينظر,ينظر,1,2,ركلة مطلوب ممتلىء وجه لَوحَة عدسة,pseudo_sentence_word_context
82,15,ar,أيام,أيام,2,3,ركلة مطلوب ممتلىء وجه لَوحَة عدسة,pseudo_sentence_word_context
83,15,ar,المكالمات الفائتة,المكالمات | الفائتة,3,5,ركلة مطلوب ممتلىء وجه لَوحَة عدسة,pseudo_sentence_word_context
84,15,ar,تم التغيير,تم | التغيير,5,7,ركلة مطلوب ممتلىء وجه لَوحَة عدسة,isolated_word_fallback_span_out_of_range
85,15,ar,الاستراتيجيات,الاستراتيجيات,7,8,ركلة مطلوب ممتلىء وجه لَوحَة عدسة,isolated_word_fallback_span_out_of_range
86,16,ar,يضع,يضع,0,1,وقت أخذ ركلة القرود ينظر,pseudo_sentence_word_context
87,16,ar,آلة تصوير,آلة | تصوير,1,3,وقت أخذ ركلة القرود ينظر,pseudo_sentence_word_context
88,16,ar,حامل ثلاثي القوائم,حامل | ثلاثي | القوائم,3,6,وقت أخذ ركلة القرود ينظر,isolated_word_fallback_span_out_of_range
89,16,ar,رمي,رمي,6,7,وقت أخذ ركلة القرود ينظر,isolated_word_fallback_span_out_of_range
90,16,ar,ملفات تعريف الارتباط,ملفات | تعريف | الارتباط,7,10,وقت أخذ ركلة القرود ينظر,isolated_word_fallback_span_out_of_range
91,17,ar,يحاول,يحاول,0,1,أيام المكالمات الفائتة تم التغيير الاستراتيجيات,pseudo_sentence_word_context
92,17,ar,إغراء,إغراء,1,2,أيام المكالمات الفائتة تم التغيير الاستراتيجيات,pseudo_sentence_word_context
93,17,ar,القرود,القرود,2,3,أيام المكالمات الفائتة تم التغيير الاستراتيجيات,pseudo_sentence_word_context
94,17,ar,يأمل,يأمل,3,4,أيام المكالمات الفائتة تم التغيير الاستراتيجيات,pseudo_sentence_word_context
95,17,ar,فضولي,فضولي,4,5,أيام المكالمات الفائتة تم التغيير الاستراتيجيات,pseudo_sentence_word_context
96,17,ar,آلة تصوير,آلة | تصوير,5,7,أيام المكالمات الفائتة تم التغيير الاستراتيجيات,isolated_word_fallback_span_out_of_range
97,18,ar,يبدأ,يبدأ,0,1,يضع آلة تصوير حامل ثلاثي القوائم رمي ملفات تعريف الارتباط يحاول إغراء القرود,pseudo_sentence_word_context
98,18,ar,الدفع,الدفع,1,2,يضع آلة تصوير حامل ثلاثي القوائم رمي ملفات تعريف الارتباط يحاول إغراء القرود,pseudo_sentence_word_context
99,18,ar,فضولي,فضولي,2,3,يضع آلة تصوير حامل ثلاثي القوائم رمي ملفات تعريف الارتباط يحاول إغراء القرود,pseudo_sentence_word_context
100,18,ar,الدفع,الدفع,3,4,يضع آلة تصوير حامل ثلاثي القوائم رمي ملفات تعريف الارتباط يحاول إغراء القرود,pseudo_sentence_word_context
101,18,ar,مُرفَق,مُرفَق,4,5,يضع آلة تصوير حامل ثلاثي القوائم رمي ملفات تعريف الارتباط يحاول إغراء القرود,pseudo_sentence_word_context
102,18,ar,كابل,كابل,5,6,يضع آلة تصوير حامل ثلاثي القوائم رمي ملفات تعريف الارتباط يحاول إغراء القرود,pseudo_sentence_word_context
103,18,ar,نهاية,نهاية,6,7,يضع آلة تصوير حامل ثلاثي القوائم رمي ملفات تعريف الارتباط يحاول إغراء القرود,pseudo_sentence_word_context
104,18,ar,آلة تصوير,آلة | تصوير,7,9,يضع آلة تصوير حامل ثلاثي القوائم رمي ملفات تعريف الارتباط يحاول إغراء القرود,pseudo_sentence_word_context
105,18,ar,القرود,القرود,9,10,يضع آلة تصوير حامل ثلاثي القوائم رمي ملفات تعريف الارتباط يحاول إغراء القرود,pseudo_sentence_word_context
106,18,ar,أعجبني,أعجبني,10,11,يضع آلة تصوير حامل ثلاثي القوائم رمي ملفات تعريف الارتباط يحاول إغراء القرود,pseudo_sentence_word_context
107,18,ar,بدأ,بدأ,11,12,يضع آلة تصوير حامل ثلاثي القوائم رمي ملفات تعريف الارتباط يحاول إغراء القرود,pseudo_sentence_word_context
108,18,ar,يلعب,يلعب,12,13,يضع آلة تصوير حامل ثلاثي القوائم رمي ملفات تعريف الارتباط يحاول إغراء القرود,pseudo_sentence_word_context
109,18,ar,يضع,يضع,13,14,يضع آلة تصوير حامل ثلاثي القوائم رمي ملفات تعريف الارتباط يحاول إغراء القرود,isolated_word_fallback_span_out_of_range
110,19,ar,الجنيات,الجنيات,0,1,يأمل فضولي آلة تصوير يبدأ الدفع,pseudo_sentence_word_context
111,19,ar,القتال,القتال,1,2,يأمل فضولي آلة تصوير يبدأ الدفع,pseudo_sentence_word_context
112,19,ar,بالطبع,بالطبع,2,3,يأمل فضولي آلة تصوير يبدأ الدفع,pseudo_sentence_word_context
113,19,ar,خارج,خارج,3,4,يأمل فضولي آلة تصوير يبدأ الدفع,pseudo_sentence_word_context
114,19,ar,ينظر,ينظر,4,5,يأمل فضولي آلة تصوير يبدأ الدفع,pseudo_sentence_word_context
115,19,ar,عدسة,عدسة,5,6,يأمل فضولي آلة تصوير يبدأ الدفع,pseudo_sentence_word_context
116,20,ar,حقيقة,حقيقة,0,1,فضولي,pseudo_sentence_word_context
117,21,ar,ذاهب,ذاهب,0,1,الدفع,pseudo_sentence_word_context
118,22,ar,قرد,قرد,0,1,مُرفَق كابل نهاية آلة تصوير,pseudo_sentence_word_context
119,22,ar,لغة,لغة,1,2,مُرفَق كابل نهاية آلة تصوير,pseudo_sentence_word_context
120,22,ar,تم فصله من العمل,تم | فصله | من | العمل,2,6,مُرفَق كابل نهاية آلة تصوير,isolated_word_fallback_span_out_of_range
121,22,ar,عدد قليل,عدد | قليل,6,8,مُرفَق كابل نهاية آلة تصوير,isolated_word_fallback_span_out_of_range
122,22,ar,لقطات,لقطات,8,9,مُرفَق كابل نهاية آلة تصوير,isolated_word_fallback_span_out_of_range
123,23,ar,تم اختباره,تم | اختباره,0,2,القرود أعجبني,pseudo_sentence_word_context
124,23,ar,سيء,سيء,2,3,القرود أعجبني,isolated_word_fallback_span_out_of_range
125,24,ar,بعض,بعض,0,1,بدأ يلعب يضع الجنيات القتال,pseudo_sentence_word_context
126,24,ar,ركز,ركز,1,2,بدأ يلعب يضع الجنيات القتال,pseudo_sentence_word_context
127,24,ar,تم التعديل,تم | التعديل,2,4,بدأ يلعب يضع الجنيات القتال,pseudo_sentence_word_context
128,24,ar,إعدادات,إعدادات,4,5,بدأ يلعب يضع الجنيات القتال,pseudo_sentence_word_context
129,24,ar,يضع,يضع,5,6,بدأ يلعب يضع الجنيات القتال,isolated_word_fallback_span_out_of_range
130,25,ar,آلة تصوير,آلة | تصوير,0,2,بالطبع خارج ينظر عدسة,pseudo_sentence_word_context
131,25,ar,القرود,القرود,2,3,بالطبع خارج ينظر عدسة,pseudo_sentence_word_context
132,25,ar,الجميع,الجميع,3,4,بالطبع خارج ينظر عدسة,pseudo_sentence_word_context
133,25,ar,مشروع,مشروع,4,5,بالطبع خارج ينظر عدسة,isolated_word_fallback_span_out_of_range
134,26,ar,حقيقة,حقيقة,0,1,حقيقة ذاهب قرد لغة,pseudo_sentence_word_context
135,26,ar,بعض,بعض,1,2,حقيقة ذاهب قرد لغة,pseudo_sentence_word_context
136,26,ar,متحمس,متحمس,2,3,حقيقة ذاهب قرد لغة,pseudo_sentence_word_context
137,26,ar,طرق,طرق,3,4,حقيقة ذاهب قرد لغة,pseudo_sentence_word_context
138,27,ar,حامل ثلاثي القوائم,حامل | ثلاثي | القوائم,0,3,تم فصله من العمل عدد قليل لقطات,pseudo_sentence_word_context
139,27,ar,شرط,شرط,3,4,تم فصله من العمل عدد قليل لقطات,pseudo_sentence_word_context
140,27,ar,معدة,معدة,4,5,تم فصله من العمل عدد قليل لقطات,pseudo_sentence_word_context
141,27,ar,التمدد,التمدد,5,6,تم فصله من العمل عدد قليل لقطات,pseudo_sentence_word_context
142,27,ar,ذراع,ذراع,6,7,تم فصله من العمل عدد قليل لقطات,pseudo_sentence_word_context
143,27,ar,مستقر,مستقر,7,8,تم فصله من العمل عدد قليل لقطات,isolated_word_fallback_span_out_of_range
144,27,ar,حامل ثلاثي القوائم,حامل | ثلاثي | القوائم,8,11,تم فصله من العمل عدد قليل لقطات,isolated_word_fallback_span_out_of_range
145,28,ar,أصابع,أصابع,0,1,تم اختباره,pseudo_sentence_word_context
146,28,ar,عدد قليل,عدد | قليل,1,3,تم اختباره,isolated_word_fallback_span_out_of_range
147,29,ar,آخر,آخر,0,1,سيء بعض ركز,pseudo_sentence_word_context
148,29,ar,القرود,القرود,1,2,سيء بعض ركز,pseudo_sentence_word_context
149,29,ar,انتبه,انتبه,2,3,سيء بعض ركز,pseudo_sentence_word_context
150,30,ar,غريب,غريب,0,1,تم التعديل إعدادات يضع آلة تصوير,pseudo_sentence_word_context
151,30,ar,جديد,جديد,1,2,تم التعديل إعدادات يضع آلة تصوير,pseudo_sentence_word_context
152,30,ar,صديق,صديق,2,3,تم التعديل إعدادات يضع آلة تصوير,pseudo_sentence_word_context
153,30,ar,كذب,كذب,3,4,تم التعديل إعدادات يضع آلة تصوير,pseudo_sentence_word_context
154,30,ar,ممتلىء,ممتلىء,4,5,تم التعديل إعدادات يضع آلة تصوير,pseudo_sentence_word_context
155,30,ar,أرضية,أرضية,5,6,تم التعديل إعدادات يضع آلة تصوير,pseudo_sentence_word_context
156,31,ar,قفز,قفز,0,1,القرود الجميع مشروع,pseudo_sentence_word_context
157,31,ar,القرود,القرود,1,2,القرود الجميع مشروع,pseudo_sentence_word_context
158,31,ar,محاولة,محاولة,2,3,القرود الجميع مشروع,pseudo_sentence_word_context
159,32,ar,احتياطي,احتياطي,0,1,حقيقة بعض متحمس,pseudo_sentence_word_context
160,32,ar,آلة تصوير,آلة | تصوير,1,3,حقيقة بعض متحمس,pseudo_sentence_word_context
161,32,ar,طرق,طرق,3,4,حقيقة بعض متحمس,isolated_word_fallback_span_out_of_range
162,33,ar,القرود,القرود,0,1,طرق حامل ثلاثي القوائم,pseudo_sentence_word_context
163,33,ar,محاولة,محاولة,1,2,طرق حامل ثلاثي القوائم,pseudo_sentence_word_context
164,33,ar,القرود,القرود,2,3,طرق حامل ثلاثي القوائم,pseudo_sentence_word_context
165,33,ar,محاولة,محاولة,3,4,طرق حامل ثلاثي القوائم,pseudo_sentence_word_context
166,34,ar,يلعب,يلعب,0,1,شرط معدة التمدد ذراع مستقر حامل ثلاثي القوائم أصابع,pseudo_sentence_word_context
167,34,ar,فجأة,فجأة,1,2,شرط معدة التمدد ذراع مستقر حامل ثلاثي القوائم أصابع,pseudo_sentence_word_context
168,34,ar,مسموع,مسموع,2,3,شرط معدة التمدد ذراع مستقر حامل ثلاثي القوائم أصابع,pseudo_sentence_word_context
169,34,ar,آلة تصوير,آلة | تصوير,3,5,شرط معدة التمدد ذراع مستقر حامل ثلاثي القوائم أصابع,pseudo_sentence_word_context
170,34,ar,ذاهب,ذاهب,5,6,شرط معدة التمدد ذراع مستقر حامل ثلاثي القوائم أصابع,pseudo_sentence_word_context
171,34,ar,لا,لا,6,7,شرط معدة التمدد ذراع مستقر حامل ثلاثي القوائم أصابع,pseudo_sentence_word_context
172,34,ar,تحدّي,تحدّي,7,8,شرط معدة التمدد ذراع مستقر حامل ثلاثي القوائم أصابع,pseudo_sentence_word_context
173,34,ar,معرفة,معرفة,8,9,شرط معدة التمدد ذراع مستقر حامل ثلاثي القوائم أصابع,pseudo_sentence_word_context
174,34,ar,ينظر,ينظر,9,10,شرط معدة التمدد ذراع مستقر حامل ثلاثي القوائم أصابع,isolated_word_fallback_span_out_of_range
175,35,ar,ينظر,ينظر,0,1,عدد قليل آخر القرود انتبه غريب جديد صديق كذب ممتلىء أرضية قفز,pseudo_sentence_word_context
176,35,ar,يُمكَِن,يُمكَِن,1,2,عدد قليل آخر القرود انتبه غريب جديد صديق كذب ممتلىء أرضية قفز,pseudo_sentence_word_context
177,35,ar,يكتب,يكتب,2,3,عدد قليل آخر القرود انتبه غريب جديد صديق كذب ممتلىء أرضية قفز,pseudo_sentence_word_context
178,35,ar,ينظر,ينظر,3,4,عدد قليل آخر القرود انتبه غريب جديد صديق كذب ممتلىء أرضية قفز,pseudo_sentence_word_context
179,35,ar,يرى,يرى,4,5,عدد قليل آخر القرود انتبه غريب جديد صديق كذب ممتلىء أرضية قفز,pseudo_sentence_word_context
180,35,ar,معلم سياحي,معلم | سياحي,5,7,عدد قليل آخر القرود انتبه غريب جديد صديق كذب ممتلىء أرضية قفز,pseudo_sentence_word_context
181,35,ar,مدهش,مدهش,7,8,عدد قليل آخر القرود انتبه غريب جديد صديق كذب ممتلىء أرضية قفز,pseudo_sentence_word_context
182,35,ar,مشوه,مشوه,8,9,عدد قليل آخر القرود انتبه غريب جديد صديق كذب ممتلىء أرضية قفز,pseudo_sentence_word_context
183,35,ar,وجوه,وجوه,9,10,عدد قليل آخر القرود انتبه غريب جديد صديق كذب ممتلىء أرضية قفز,pseudo_sentence_word_context
184,35,ar,عواء,عواء,10,11,عدد قليل آخر القرود انتبه غريب جديد صديق كذب ممتلىء أرضية قفز,pseudo_sentence_word_context
185,35,ar,الجنيات,الجنيات,11,12,عدد قليل آخر القرود انتبه غريب جديد صديق كذب ممتلىء أرضية قفز,pseudo_sentence_word_context
186,35,ar,مبتسماً,مبتسماً,12,13,عدد قليل آخر القرود انتبه غريب جديد صديق كذب ممتلىء أرضية قفز,isolated_word_fallback_span_out_of_range
187,36,ar,هنا,هنا,0,1,القرود محاولة احتياطي آلة تصوير طرق القرود محاولة القرود محاولة يلعب,pseudo_sentence_word_context
188,36,ar,القرود,القرود,1,2,القرود محاولة احتياطي آلة تصوير طرق القرود محاولة القرود محاولة يلعب,pseudo_sentence_word_context
189,36,ar,أخذ,أخذ,2,3,القرود محاولة احتياطي آلة تصوير طرق القرود محاولة القرود محاولة يلعب,pseudo_sentence_word_context
190,36,ar,صورة سيلفي,صورة | سيلفي,3,5,القرود محاولة احتياطي آلة تصوير طرق القرود محاولة القرود محاولة يلعب,pseudo_sentence_word_context
191,36,ar,مدهش,مدهش,5,6,القرود محاولة احتياطي آلة تصوير طرق القرود محاولة القرود محاولة يلعب,pseudo_sentence_word_context
192,36,ar,جميل,جميل,6,7,القرود محاولة احتياطي آلة تصوير طرق القرود محاولة القرود محاولة يلعب,pseudo_sentence_word_context
193,36,ar,غريب,غريب,7,8,القرود محاولة احتياطي آلة تصوير طرق القرود محاولة القرود محاولة يلعب,pseudo_sentence_word_context
194,36,ar,صورة سيلفي,صورة | سيلفي,8,10,القرود محاولة احتياطي آلة تصوير طرق القرود محاولة القرود محاولة يلعب,pseudo_sentence_word_context
195,36,ar,مطلوب,مطلوب,10,11,القرود محاولة احتياطي آلة تصوير طرق القرود محاولة القرود محاولة يلعب,pseudo_sentence_word_context
196,36,ar,يذهب,يذهب,11,12,القرود محاولة احتياطي آلة تصوير طرق القرود محاولة القرود محاولة يلعب,isolated_word_fallback_span_out_of_range
197,36,ar,وقف,وقف,12,13,القرود محاولة احتياطي آلة تصوير طرق القرود محاولة القرود محاولة يلعب,isolated_word_fallback_span_out_of_range
198,37,ar,يفحص,يفحص,0,1,فجأة مسموع آلة تصوير ذاهب,pseudo_sentence_word_context
199,37,ar,عمل,عمل,1,2,فجأة مسموع آلة تصوير ذاهب,pseudo_sentence_word_context
200,37,ar,مخصص,مخصص,2,3,فجأة مسموع آلة تصوير ذاهب,pseudo_sentence_word_context
201,37,ar,لقطات,لقطات,3,4,فجأة مسموع آلة تصوير ذاهب,pseudo_sentence_word_context
202,37,ar,ثابت,ثابت,4,5,فجأة مسموع آلة تصوير ذاهب,pseudo_sentence_word_context
203,38,ar,قديم,قديم,0,1,لا تحدّي,pseudo_sentence_word_context
204,38,ar,كل يوم,كل | يوم,1,3,لا تحدّي,isolated_word_fallback_span_out_of_range
205,39,ar,صورة سيلفي,صورة | سيلفي,0,2,معرفة ينظر ينظر,pseudo_sentence_word_context
206,39,ar,رجل,رجل,2,3,معرفة ينظر ينظر,pseudo_sentence_word_context
207,39,ar,نادي رياضي,نادي | رياضي,3,5,معرفة ينظر ينظر,isolated_word_fallback_span_out_of_range
208,40,ar,أخذ,أخذ,0,1,يُمكَِن,pseudo_sentence_word_context
209,41,ar,صور,صور,0,1,يكتب ينظر يرى معلم سياحي مدهش مشوه وجوه عواء الجنيات مبتسماً هنا,pseudo_sentence_word_context
210,41,ar,العضلات,العضلات,1,2,يكتب ينظر يرى معلم سياحي مدهش مشوه وجوه عواء الجنيات مبتسماً هنا,pseudo_sentence_word_context
211,41,ar,مظهر,مظهر,2,3,يكتب ينظر يرى معلم سياحي مدهش مشوه وجوه عواء الجنيات مبتسماً هنا,pseudo_sentence_word_context
212,41,ar,التالي,التالي,3,4,يكتب ينظر يرى معلم سياحي مدهش مشوه وجوه عواء الجنيات مبتسماً هنا,pseudo_sentence_word_context
213,41,ar,مستوى,مستوى,4,5,يكتب ينظر يرى معلم سياحي مدهش مشوه وجوه عواء الجنيات مبتسماً هنا,pseudo_sentence_word_context
214,41,ar,جيد,جيد,5,6,يكتب ينظر يرى معلم سياحي مدهش مشوه وجوه عواء الجنيات مبتسماً هنا,pseudo_sentence_word_context
215,41,ar,يهرب,يهرب,6,7,يكتب ينظر يرى معلم سياحي مدهش مشوه وجوه عواء الجنيات مبتسماً هنا,pseudo_sentence_word_context
216,41,ar,حدود,حدود,7,8,يكتب ينظر يرى معلم سياحي مدهش مشوه وجوه عواء الجنيات مبتسماً هنا,pseudo_sentence_word_context
217,41,ar,صورة سيلفي,صورة | سيلفي,8,10,يكتب ينظر يرى معلم سياحي مدهش مشوه وجوه عواء الجنيات مبتسماً هنا,pseudo_sentence_word_context
218,41,ar,أدخل,أدخل,10,11,يكتب ينظر يرى معلم سياحي مدهش مشوه وجوه عواء الجنيات مبتسماً هنا,pseudo_sentence_word_context
219,41,ar,اِختِصاص,اِختِصاص,11,12,يكتب ينظر يرى معلم سياحي مدهش مشوه وجوه عواء الجنيات مبتسماً هنا,pseudo_sentence_word_context
220,41,ar,فن,فن,12,13,يكتب ينظر يرى معلم سياحي مدهش مشوه وجوه عواء الجنيات مبتسماً هنا,isolated_word_fallback_span_out_of_range
221,42,ar,ركلة,ركلة,0,1,القرود أخذ صورة سيلفي مدهش جميل غريب صورة سيلفي,pseudo_sentence_word_context
222,42,ar,تأكيد,تأكيد,1,2,القرود أخذ صورة سيلفي مدهش جميل غريب صورة سيلفي,pseudo_sentence_word_context
223,42,ar,أمسك,أمسك,2,3,القرود أخذ صورة سيلفي مدهش جميل غريب صورة سيلفي,pseudo_sentence_word_context
224,42,ar,عين,عين,3,4,القرود أخذ صورة سيلفي مدهش جميل غريب صورة سيلفي,pseudo_sentence_word_context
225,42,ar,القرود,القرود,4,5,القرود أخذ صورة سيلفي مدهش جميل غريب صورة سيلفي,pseudo_sentence_word_context
226,42,ar,وجه,وجه,5,6,القرود أخذ صورة سيلفي مدهش جميل غريب صورة سيلفي,pseudo_sentence_word_context
227,42,ar,آلة تصوير,آلة | تصوير,6,8,القرود أخذ صورة سيلفي مدهش جميل غريب صورة سيلفي,pseudo_sentence_word_context
228,42,ar,أبحث عن,أبحث | عن,8,10,القرود أخذ صورة سيلفي مدهش جميل غريب صورة سيلفي,isolated_word_fallback_span_out_of_range
229,42,ar,عدسة,عدسة,10,11,القرود أخذ صورة سيلفي مدهش جميل غريب صورة سيلفي,isolated_word_fallback_span_out_of_range
230,43,ar,بوابة,بوابة,0,1,مطلوب يذهب,pseudo_sentence_word_context
231,43,ar,عيون,عيون,1,2,مطلوب يذهب,pseudo_sentence_word_context
232,44,ar,ودي,ودي,0,1,وقف يفحص عمل مخصص لقطات ثابت قديم كل يوم صورة سيلفي,pseudo_sentence_word_context
233,44,ar,كبير,كبير,1,2,وقف يفحص عمل مخصص لقطات ثابت قديم كل يوم صورة سيلفي,pseudo_sentence_word_context
234,44,ar,دائري,دائري,2,3,وقف يفحص عمل مخصص لقطات ثابت قديم كل يوم صورة سيلفي,pseudo_sentence_word_context
235,44,ar,كهرماني,كهرماني,3,4,وقف يفحص عمل مخصص لقطات ثابت قديم كل يوم صورة سيلفي,pseudo_sentence_word_context
236,44,ar,لطيف - جيد,لطيف | - | جيد,4,7,وقف يفحص عمل مخصص لقطات ثابت قديم كل يوم صورة سيلفي,pseudo_sentence_word_context
237,44,ar,تفاصيل,تفاصيل,7,8,وقف يفحص عمل مخصص لقطات ثابت قديم كل يوم صورة سيلفي,pseudo_sentence_word_context
238,44,ar,تفاصيل,تفاصيل,8,9,وقف يفحص عمل مخصص لقطات ثابت قديم كل يوم صورة سيلفي,pseudo_sentence_word_context
239,44,ar,مهم,مهم,9,10,وقف يفحص عمل مخصص لقطات ثابت قديم كل يوم صورة سيلفي,pseudo_sentence_word_context
240,44,ar,ركز,ركز,10,11,وقف يفحص عمل مخصص لقطات ثابت قديم كل يوم صورة سيلفي,pseudo_sentence_word_context
241,44,ar,صورة سيلفي,صورة | سيلفي,11,13,وقف يفحص عمل مخصص لقطات ثابت قديم كل يوم صورة سيلفي,isolated_word_fallback_span_out_of_range
242,44,ar,رئيسي,رئيسي,13,14,وقف يفحص عمل مخصص لقطات ثابت قديم كل يوم صورة سيلفي,isolated_word_fallback_span_out_of_range
243,45,ar,قضية,قضية,0,1,رجل نادي رياضي أخذ صور العضلات مظهر,pseudo_sentence_word_context
244,45,ar,القرود,القرود,1,2,رجل نادي رياضي أخذ صور العضلات مظهر,pseudo_sentence_word_context
245,45,ar,أنا راضٍ عن نفسي,أنا | راضٍ | عن | نفسي,2,6,رجل نادي رياضي أخذ صور العضلات مظهر,pseudo_sentence_word_context
246,45,ar,ابتسامة,ابتسامة,6,7,رجل نادي رياضي أخذ صور العضلات مظهر,pseudo_sentence_word_context
247,45,ar,أسنان,أسنان,7,8,رجل نادي رياضي أخذ صور العضلات مظهر,isolated_word_fallback_span_out_of_range
248,45,ar,كبير,كبير,8,9,رجل نادي رياضي أخذ صور العضلات مظهر,isolated_word_fallback_span_out_of_range
249,45,ar,هنا,هنا,9,10,رجل نادي رياضي أخذ صور العضلات مظهر,isolated_word_fallback_span_out_of_range
250,46,ar,الفجوات,الفجوات,0,1,التالي مستوى جيد,pseudo_sentence_word_context
251,46,ar,حقيقي,حقيقي,1,2,التالي مستوى جيد,pseudo_sentence_word_context
252,46,ar,ابتسامة,ابتسامة,2,3,التالي مستوى جيد,pseudo_sentence_word_context
253,47,ar,معرفة,معرفة,0,1,يهرب حدود صورة سيلفي أدخل اِختِصاص فن,pseudo_sentence_word_context
254,47,ar,مبتسماً,مبتسماً,1,2,يهرب حدود صورة سيلفي أدخل اِختِصاص فن,pseudo_sentence_word_context
255,47,ar,صورة,صورة,2,3,يهرب حدود صورة سيلفي أدخل اِختِصاص فن,pseudo_sentence_word_context
256,47,ar,رأيت,رأيت,3,4,يهرب حدود صورة سيلفي أدخل اِختِصاص فن,pseudo_sentence_word_context
257,47,ar,أمام,أمام,4,5,يهرب حدود صورة سيلفي أدخل اِختِصاص فن,pseudo_sentence_word_context
258,47,ar,ملزم,ملزم,5,6,يهرب حدود صورة سيلفي أدخل اِختِصاص فن,pseudo_sentence_word_context
259,47,ar,معتقد,معتقد,6,7,يهرب حدود صورة سيلفي أدخل اِختِصاص فن,pseudo_sentence_word_context
260,48,ar,يحتاج,يحتاج,0,1,ركلة تأكيد أمسك عين,pseudo_sentence_word_context
261,48,ar,الوكلاء,الوكلاء,1,2,ركلة تأكيد أمسك عين,pseudo_sentence_word_context
262,48,ar,الوكلاء,الوكلاء,2,3,ركلة تأكيد أمسك عين,pseudo_sentence_word_context
263,48,ar,يضع,يضع,3,4,ركلة تأكيد أمسك عين,pseudo_sentence_word_context
264,49,ar,بيان صحفي,بيان | صحفي,0,2,القرود وجه آلة تصوير أبحث عن عدسة,pseudo_sentence_word_context
265,49,ar,صورة سيلفي,صورة | سيلفي,2,4,القرود وجه آلة تصوير أبحث عن عدسة,pseudo_sentence_word_context
266,49,ar,معتقد,معتقد,4,5,القرود وجه آلة تصوير أبحث عن عدسة,pseudo_sentence_word_context
267,49,ar,يمسك,يمسك,5,6,القرود وجه آلة تصوير أبحث عن عدسة,pseudo_sentence_word_context
268,49,ar,الشعوب,الشعوب,6,7,القرود وجه آلة تصوير أبحث عن عدسة,pseudo_sentence_word_context
269,49,ar,انتباه,انتباه,7,8,القرود وجه آلة تصوير أبحث عن عدسة,isolated_word_fallback_span_out_of_range
270,49,ar,صور,صور,8,9,القرود وجه آلة تصوير أبحث عن عدسة,isolated_word_fallback_span_out_of_range
271,50,ar,يستخدم,يستخدم,0,1,بوابة,pseudo_sentence_word_context
272,51,ar,فرصة,فرصة,0,1,عيون ودي كبير دائري كهرماني,pseudo_sentence_word_context
273,51,ar,يرسل,يرسل,1,2,عيون ودي كبير دائري كهرماني,pseudo_sentence_word_context
274,51,ar,رسالة,رسالة,2,3,عيون ودي كبير دائري كهرماني,pseudo_sentence_word_context
275,51,ar,حفظ,حفظ,3,4,عيون ودي كبير دائري كهرماني,pseudo_sentence_word_context
276,51,ar,مطلوب,مطلوب,4,5,عيون ودي كبير دائري كهرماني,pseudo_sentence_word_context
277,52,ar,يبيع,يبيع,0,1,لطيف - جيد تفاصيل تفاصيل مهم,pseudo_sentence_word_context
278,52,ar,صور,صور,1,2,لطيف - جيد تفاصيل تفاصيل مهم,pseudo_sentence_word_context
279,52,ar,بالطبع,بالطبع,2,3,لطيف - جيد تفاصيل تفاصيل مهم,pseudo_sentence_word_context
280,52,ar,القرود,القرود,3,4,لطيف - جيد تفاصيل تفاصيل مهم,pseudo_sentence_word_context
281,52,ar,أسود,أسود,4,5,لطيف - جيد تفاصيل تفاصيل مهم,pseudo_sentence_word_context
282,52,ar,قرود المكاك,قرود | المكاك,5,7,لطيف - جيد تفاصيل تفاصيل مهم,isolated_word_fallback_span_out_of_range
283,53,ar,يعتبر,يعتبر,0,1,ركز صورة سيلفي رئيسي قضية القرود أنا راضٍ عن نفسي ابتسامة أسنان كبير هنا الفجوات حقيقي ابتسامة معرفة مبتسماً صورة,pseudo_sentence_word_context
284,53,ar,مهدد بالانقراض,مهدد | بالانقراض,1,3,ركز صورة سيلفي رئيسي قضية القرود أنا راضٍ عن نفسي ابتسامة أسنان كبير هنا الفجوات حقيقي ابتسامة معرفة مبتسماً صورة,pseudo_sentence_word_context
285,53,ar,منصة,منصة,3,4,ركز صورة سيلفي رئيسي قضية القرود أنا راضٍ عن نفسي ابتسامة أسنان كبير هنا الفجوات حقيقي ابتسامة معرفة مبتسماً صورة,pseudo_sentence_word_context
286,53,ar,منقرض,منقرض,4,5,ركز صورة سيلفي رئيسي قضية القرود أنا راضٍ عن نفسي ابتسامة أسنان كبير هنا الفجوات حقيقي ابتسامة معرفة مبتسماً صورة,pseudo_sentence_word_context
287,53,ar,بري,بري,5,6,ركز صورة سيلفي رئيسي قضية القرود أنا راضٍ عن نفسي ابتسامة أسنان كبير هنا الفجوات حقيقي ابتسامة معرفة مبتسماً صورة,pseudo_sentence_word_context
288,53,ar,ضائع,ضائع,6,7,ركز صورة سيلفي رئيسي قضية القرود أنا راضٍ عن نفسي ابتسامة أسنان كبير هنا الفجوات حقيقي ابتسامة معرفة مبتسماً صورة,pseudo_sentence_word_context
289,53,ar,شهادة,شهادة,7,8,ركز صورة سيلفي رئيسي قضية القرود أنا راضٍ عن نفسي ابتسامة أسنان كبير هنا الفجوات حقيقي ابتسامة معرفة مبتسماً صورة,pseudo_sentence_word_context
290,53,ar,سكان,سكان,8,9,ركز صورة سيلفي رئيسي قضية القرود أنا راضٍ عن نفسي ابتسامة أسنان كبير هنا الفجوات حقيقي ابتسامة معرفة مبتسماً صورة,pseudo_sentence_word_context
291,53,ar,السنوات الأخيرة,السنوات | الأخيرة,9,11,ركز صورة سيلفي رئيسي قضية القرود أنا راضٍ عن نفسي ابتسامة أسنان كبير هنا الفجوات حقيقي ابتسامة معرفة مبتسماً صورة,pseudo_sentence_word_context
292,53,ar,الجنس البشري,الجنس | البشري,11,13,ركز صورة سيلفي رئيسي قضية القرود أنا راضٍ عن نفسي ابتسامة أسنان كبير هنا الفجوات حقيقي ابتسامة معرفة مبتسماً صورة,pseudo_sentence_word_context
293,53,ar,مسافر,مسافر,13,14,ركز صورة سيلفي رئيسي قضية القرود أنا راضٍ عن نفسي ابتسامة أسنان كبير هنا الفجوات حقيقي ابتسامة معرفة مبتسماً صورة,pseudo_sentence_word_context
294,53,ar,أندونيسيا,أندونيسيا,14,15,ركز صورة سيلفي رئيسي قضية القرود أنا راضٍ عن نفسي ابتسامة أسنان كبير هنا الفجوات حقيقي ابتسامة معرفة مبتسماً صورة,pseudo_sentence_word_context
295,53,ar,مكان,مكان,15,16,ركز صورة سيلفي رئيسي قضية القرود أنا راضٍ عن نفسي ابتسامة أسنان كبير هنا الفجوات حقيقي ابتسامة معرفة مبتسماً صورة,pseudo_sentence_word_context
296,53,ar,مطلوب,مطلوب,16,17,ركز صورة سيلفي رئيسي قضية القرود أنا راضٍ عن نفسي ابتسامة أسنان كبير هنا الفجوات حقيقي ابتسامة معرفة مبتسماً صورة,pseudo_sentence_word_context
297,53,ar,يأخذ,يأخذ,17,18,ركز صورة سيلفي رئيسي قضية القرود أنا راضٍ عن نفسي ابتسامة أسنان كبير هنا الفجوات حقيقي ابتسامة معرفة مبتسماً صورة,pseudo_sentence_word_context
298,53,ar,صور فوتوغرافية,صور | فوتوغرافية,18,20,ركز صورة سيلفي رئيسي قضية القرود أنا راضٍ عن نفسي ابتسامة أسنان كبير هنا الفجوات حقيقي ابتسامة معرفة مبتسماً صورة,pseudo_sentence_word_context
299,53,ar,يحفز,يحفز,20,21,ركز صورة سيلفي رئيسي قضية القرود أنا راضٍ عن نفسي ابتسامة أسنان كبير هنا الفجوات حقيقي ابتسامة معرفة مبتسماً صورة,isolated_word_fallback_span_out_of_range
300,53,ar,الجنس البشري,الجنس | البشري,21,23,ركز صورة سيلفي رئيسي قضية القرود أنا راضٍ عن نفسي ابتسامة أسنان كبير هنا الفجوات حقيقي ابتسامة معرفة مبتسماً صورة,isolated_word_fallback_span_out_of_range
301,53,ar,هَم,هَم,23,24,ركز صورة سيلفي رئيسي قضية القرود أنا راضٍ عن نفسي ابتسامة أسنان كبير هنا الفجوات حقيقي ابتسامة معرفة مبتسماً صورة,isolated_word_fallback_span_out_of_range
302,53,ar,بعض,بعض,24,25,ركز صورة سيلفي رئيسي قضية القرود أنا راضٍ عن نفسي ابتسامة أسنان كبير هنا الفجوات حقيقي ابتسامة معرفة مبتسماً صورة,isolated_word_fallback_span_out_of_range
303,54,ar,القرود,القرود,0,1,رأيت أمام ملزم,pseudo_sentence_word_context
304,54,ar,قف,قف,1,2,رأيت أمام ملزم,pseudo_sentence_word_context
305,54,ar,قتل,قتل,2,3,رأيت أمام ملزم,pseudo_sentence_word_context
306,55,ar,صورة سيلفي,صورة | سيلفي,0,2,معتقد يحتاج الوكلاء,pseudo_sentence_word_context
307,55,ar,لا,لا,2,3,معتقد يحتاج الوكلاء,pseudo_sentence_word_context
308,55,ar,نهاية,نهاية,3,4,معتقد يحتاج الوكلاء,isolated_word_fallback_span_out_of_range
309,56,ar,غطاء,غطاء,0,1,الوكلاء يضع بيان صحفي صورة سيلفي,pseudo_sentence_word_context
310,56,ar,بريطاني,بريطاني,1,2,الوكلاء يضع بيان صحفي صورة سيلفي,pseudo_sentence_word_context
311,56,ar,الصحف الشعبية,الصحف | الشعبية,2,4,الوكلاء يضع بيان صحفي صورة سيلفي,pseudo_sentence_word_context
312,56,ar,مهتم,مهتم,4,5,الوكلاء يضع بيان صحفي صورة سيلفي,pseudo_sentence_word_context
313,56,ar,بريد,بريد,5,6,الوكلاء يضع بيان صحفي صورة سيلفي,pseudo_sentence_word_context
314,56,ar,صحيفة,صحيفة,6,7,الوكلاء يضع بيان صحفي صورة سيلفي,isolated_word_fallback_span_out_of_range
315,57,ar,انشر,انشر,0,1,معتقد يمسك الشعوب انتباه صور يستخدم فرصة يرسل رسالة حفظ,pseudo_sentence_word_context
316,57,ar,قصة,قصة,1,2,معتقد يمسك الشعوب انتباه صور يستخدم فرصة يرسل رسالة حفظ,pseudo_sentence_word_context
317,57,ar,صورة سيلفي,صورة | سيلفي,2,4,معتقد يمسك الشعوب انتباه صور يستخدم فرصة يرسل رسالة حفظ,pseudo_sentence_word_context
318,57,ar,وقت,وقت,4,5,معتقد يمسك الشعوب انتباه صور يستخدم فرصة يرسل رسالة حفظ,pseudo_sentence_word_context
319,57,ar,ولاية,ولاية,5,6,معتقد يمسك الشعوب انتباه صور يستخدم فرصة يرسل رسالة حفظ,pseudo_sentence_word_context
320,57,ar,أستراليا,أستراليا,6,7,معتقد يمسك الشعوب انتباه صور يستخدم فرصة يرسل رسالة حفظ,pseudo_sentence_word_context
321,57,ar,ألمانيا,ألمانيا,7,8,معتقد يمسك الشعوب انتباه صور يستخدم فرصة يرسل رسالة حفظ,pseudo_sentence_word_context
322,57,ar,رسائل البريد الإلكتروني,رسائل | البريد | الإلكتروني,8,11,معتقد يمسك الشعوب انتباه صور يستخدم فرصة يرسل رسالة حفظ,isolated_word_fallback_span_out_of_range
323,57,ar,صندوق الوارد,صندوق | الوارد,11,13,معتقد يمسك الشعوب انتباه صور يستخدم فرصة يرسل رسالة حفظ,isolated_word_fallback_span_out_of_range
324,57,ar,مجنون,مجنون,13,14,معتقد يمسك الشعوب انتباه صور يستخدم فرصة يرسل رسالة حفظ,isolated_word_fallback_span_out_of_range
325,58,ar,الناس,الناس,0,1,مطلوب يبيع صور بالطبع,pseudo_sentence_word_context
326,58,ar,يريد,يريد,1,2,مطلوب يبيع صور بالطبع,pseudo_sentence_word_context
327,58,ar,يعرف,يعرف,2,3,مطلوب يبيع صور بالطبع,pseudo_sentence_word_context
328,58,ar,قصة,قصة,3,4,مطلوب يبيع صور بالطبع,pseudo_sentence_word_context
329,59,ar,يريد,يريد,0,1,القرود أسود قرود المكاك يعتبر مهدد بالانقراض منصة منقرض بري,pseudo_sentence_word_context
330,59,ar,يستخدم,يستخدم,1,2,القرود أسود قرود المكاك يعتبر مهدد بالانقراض منصة منقرض بري,pseudo_sentence_word_context
331,59,ar,صورة,صورة,2,3,القرود أسود قرود المكاك يعتبر مهدد بالانقراض منصة منقرض بري,pseudo_sentence_word_context
332,59,ar,هاتف,هاتف,3,4,القرود أسود قرود المكاك يعتبر مهدد بالانقراض منصة منقرض بري,pseudo_sentence_word_context
333,59,ar,حار,حار,4,5,القرود أسود قرود المكاك يعتبر مهدد بالانقراض منصة منقرض بري,pseudo_sentence_word_context
334,59,ar,المكالمات,المكالمات,5,6,القرود أسود قرود المكاك يعتبر مهدد بالانقراض منصة منقرض بري,pseudo_sentence_word_context
335,59,ar,الأشهر القادمة,الأشهر | القادمة,6,8,القرود أسود قرود المكاك يعتبر مهدد بالانقراض منصة منقرض بري,pseudo_sentence_word_context
336,59,ar,صورة سيلفي,صورة | سيلفي,8,10,القرود أسود قرود المكاك يعتبر مهدد بالانقراض منصة منقرض بري,pseudo_sentence_word_context
337,59,ar,مُباع,مُباع,10,11,القرود أسود قرود المكاك يعتبر مهدد بالانقراض منصة منقرض بري,isolated_word_fallback_span_out_of_range
338,59,ar,الترخيص,الترخيص,11,12,القرود أسود قرود المكاك يعتبر مهدد بالانقراض منصة منقرض بري,isolated_word_fallback_span_out_of_range
339,60,ar,المنشورات,المنشورات,0,1,ضائع شهادة سكان السنوات الأخيرة الجنس البشري مسافر أندونيسيا مكان,pseudo_sentence_word_context
340,60,ar,أُوكَازيُون,أُوكَازيُون,1,2,ضائع شهادة سكان السنوات الأخيرة الجنس البشري مسافر أندونيسيا مكان,pseudo_sentence_word_context
341,60,ar,مطبوعات,مطبوعات,2,3,ضائع شهادة سكان السنوات الأخيرة الجنس البشري مسافر أندونيسيا مكان,pseudo_sentence_word_context
342,60,ar,يوم,يوم,3,4,ضائع شهادة سكان السنوات الأخيرة الجنس البشري مسافر أندونيسيا مكان,pseudo_sentence_word_context
343,60,ar,ذاهب,ذاهب,4,5,ضائع شهادة سكان السنوات الأخيرة الجنس البشري مسافر أندونيسيا مكان,pseudo_sentence_word_context
344,60,ar,بحث,بحث,5,6,ضائع شهادة سكان السنوات الأخيرة الجنس البشري مسافر أندونيسيا مكان,pseudo_sentence_word_context
345,60,ar,القرود,القرود,6,7,ضائع شهادة سكان السنوات الأخيرة الجنس البشري مسافر أندونيسيا مكان,pseudo_sentence_word_context
346,60,ar,بدأ,بدأ,7,8,ضائع شهادة سكان السنوات الأخيرة الجنس البشري مسافر أندونيسيا مكان,pseudo_sentence_word_context
347,60,ar,يبحث,يبحث,8,9,ضائع شهادة سكان السنوات الأخيرة الجنس البشري مسافر أندونيسيا مكان,pseudo_sentence_word_context
348,60,ar,أسود,أسود,9,10,ضائع شهادة سكان السنوات الأخيرة الجنس البشري مسافر أندونيسيا مكان,pseudo_sentence_word_context
349,61,ar,قرد المكاك,قرد | المكاك,0,2,مطلوب يأخذ صور فوتوغرافية يحفز الجنس البشري هَم بعض القرود قف قتل,pseudo_sentence_word_context
350,61,ar,يوم,يوم,2,3,مطلوب يأخذ صور فوتوغرافية يحفز الجنس البشري هَم بعض القرود قف قتل,pseudo_sentence_word_context
351,61,ar,ويكيبيديا,ويكيبيديا,3,4,مطلوب يأخذ صور فوتوغرافية يحفز الجنس البشري هَم بعض القرود قف قتل,pseudo_sentence_word_context
352,61,ar,رأس,رأس,4,5,مطلوب يأخذ صور فوتوغرافية يحفز الجنس البشري هَم بعض القرود قف قتل,pseudo_sentence_word_context
353,61,ar,قائمة,قائمة,5,6,مطلوب يأخذ صور فوتوغرافية يحفز الجنس البشري هَم بعض القرود قف قتل,pseudo_sentence_word_context
354,61,ar,انقر,انقر,6,7,مطلوب يأخذ صور فوتوغرافية يحفز الجنس البشري هَم بعض القرود قف قتل,pseudo_sentence_word_context
355,61,ar,صورة,صورة,7,8,مطلوب يأخذ صور فوتوغرافية يحفز الجنس البشري هَم بعض القرود قف قتل,pseudo_sentence_word_context
356,61,ar,معتقد,معتقد,8,9,مطلوب يأخذ صور فوتوغرافية يحفز الجنس البشري هَم بعض القرود قف قتل,pseudo_sentence_word_context
357,61,ar,خدمات الطعام,خدمات | الطعام,9,11,مطلوب يأخذ صور فوتوغرافية يحفز الجنس البشري هَم بعض القرود قف قتل,pseudo_sentence_word_context
358,61,ar,وكالة أنباء,وكالة | أنباء,11,13,مطلوب يأخذ صور فوتوغرافية يحفز الجنس البشري هَم بعض القرود قف قتل,isolated_word_fallback_span_out_of_range
359,61,ar,مدفوع,مدفوع,13,14,مطلوب يأخذ صور فوتوغرافية يحفز الجنس البشري هَم بعض القرود قف قتل,isolated_word_fallback_span_out_of_range
360,61,ar,رخصة,رخصة,14,15,مطلوب يأخذ صور فوتوغرافية يحفز الجنس البشري هَم بعض القرود قف قتل,isolated_word_fallback_span_out_of_range
361,62,ar,قسط,قسط,0,1,صورة سيلفي لا نهاية غطاء بريطاني الصحف الشعبية مهتم,pseudo_sentence_word_context
362,62,ar,مرسل,مرسل,1,2,صورة سيلفي لا نهاية غطاء بريطاني الصحف الشعبية مهتم,pseudo_sentence_word_context
363,62,ar,خطاب,خطاب,2,3,صورة سيلفي لا نهاية غطاء بريطاني الصحف الشعبية مهتم,pseudo_sentence_word_context
364,62,ar,مرسل,مرسل,3,4,صورة سيلفي لا نهاية غطاء بريطاني الصحف الشعبية مهتم,pseudo_sentence_word_context
365,62,ar,خطاب,خطاب,4,5,صورة سيلفي لا نهاية غطاء بريطاني الصحف الشعبية مهتم,pseudo_sentence_word_context
366,62,ar,الحد الأقصى,الحد | الأقصى,5,7,صورة سيلفي لا نهاية غطاء بريطاني الصحف الشعبية مهتم,pseudo_sentence_word_context
367,62,ar,يفكر,يفكر,7,8,صورة سيلفي لا نهاية غطاء بريطاني الصحف الشعبية مهتم,pseudo_sentence_word_context
368,62,ar,خلال,خلال,8,9,صورة سيلفي لا نهاية غطاء بريطاني الصحف الشعبية مهتم,pseudo_sentence_word_context
369,62,ar,رخصة,رخصة,9,10,صورة سيلفي لا نهاية غطاء بريطاني الصحف الشعبية مهتم,isolated_word_fallback_span_out_of_range
370,63,ar,قسط,قسط,0,1,بريد صحيفة انشر قصة صورة سيلفي,pseudo_sentence_word_context
371,63,ar,عرض,عرض,1,2,بريد صحيفة انشر قصة صورة سيلفي,pseudo_sentence_word_context
372,63,ar,يدفع,يدفع,2,3,بريد صحيفة انشر قصة صورة سيلفي,pseudo_sentence_word_context
373,63,ar,كتابة,كتابة,3,4,بريد صحيفة انشر قصة صورة سيلفي,pseudo_sentence_word_context
374,63,ar,الحد الأقصى,الحد | الأقصى,4,6,بريد صحيفة انشر قصة صورة سيلفي,pseudo_sentence_word_context
375,63,ar,صورة,صورة,6,7,بريد صحيفة انشر قصة صورة سيلفي,isolated_word_fallback_span_out_of_range
376,64,ar,يعتقد,يعتقد,0,1,,isolated_word_fallback_span_out_of_range
377,65,ar,الملكية العامة,الملكية | العامة,0,2,وقت ولاية أستراليا ألمانيا,pseudo_sentence_word_context
378,65,ar,كلمات أخرى,كلمات | أخرى,2,4,وقت ولاية أستراليا ألمانيا,pseudo_sentence_word_context
379,65,ar,يستخدم,يستخدم,4,5,وقت ولاية أستراليا ألمانيا,isolated_word_fallback_span_out_of_range
380,65,ar,إذن,إذن,5,6,وقت ولاية أستراليا ألمانيا,isolated_word_fallback_span_out_of_range
381,66,ar,يطلق,يطلق,0,1,رسائل البريد الإلكتروني,pseudo_sentence_word_context
382,66,ar,سرقة,سرقة,1,2,رسائل البريد الإلكتروني,pseudo_sentence_word_context
383,66,ar,يفعل,يفعل,2,3,رسائل البريد الإلكتروني,pseudo_sentence_word_context
384,67,ar,يعيش,يعيش,0,1,صندوق الوارد مجنون,pseudo_sentence_word_context
385,67,ar,أُوكَازيُون,أُوكَازيُون,1,2,صندوق الوارد مجنون,pseudo_sentence_word_context
386,67,ar,صور,صور,2,3,صندوق الوارد مجنون,pseudo_sentence_word_context
387,68,ar,متعاون,متعاون,0,1,الناس يريد يعرف قصة يريد يستخدم صورة,pseudo_sentence_word_context
388,68,ar,هذه,هذه,1,2,الناس يريد يعرف قصة يريد يستخدم صورة,pseudo_sentence_word_context
389,68,ar,يضرب,يضرب,2,3,الناس يريد يعرف قصة يريد يستخدم صورة,pseudo_sentence_word_context
390,68,ar,تحميل,تحميل,3,4,الناس يريد يعرف قصة يريد يستخدم صورة,pseudo_sentence_word_context
391,68,ar,ويكيبيديا,ويكيبيديا,4,5,الناس يريد يعرف قصة يريد يستخدم صورة,pseudo_sentence_word_context
392,68,ar,يشنق,يشنق,5,6,الناس يريد يعرف قصة يريد يستخدم صورة,pseudo_sentence_word_context
393,68,ar,حائط,حائط,6,7,الناس يريد يعرف قصة يريد يستخدم صورة,pseudo_sentence_word_context
394,69,ar,مطبعة,مطبعة,0,1,هاتف حار المكالمات,pseudo_sentence_word_context
395,69,ar,دعاية,دعاية,1,2,هاتف حار المكالمات,pseudo_sentence_word_context
396,69,ar,ويكيبيديا,ويكيبيديا,2,3,هاتف حار المكالمات,pseudo_sentence_word_context
397,70,ar,رأي,رأي,0,1,الأشهر القادمة صورة سيلفي مُباع,pseudo_sentence_word_context
398,70,ar,معلومة,معلومة,1,2,الأشهر القادمة صورة سيلفي مُباع,pseudo_sentence_word_context
399,70,ar,إنترنت,إنترنت,2,3,الأشهر القادمة صورة سيلفي مُباع,pseudo_sentence_word_context
400,70,ar,حر,حر,3,4,الأشهر القادمة صورة سيلفي مُباع,pseudo_sentence_word_context
401,70,ar,باحث,باحث,4,5,الأشهر القادمة صورة سيلفي مُباع,pseudo_sentence_word_context
402,71,ar,مقرر,مقرر,0,1,الترخيص المنشورات أُوكَازيُون مطبوعات,pseudo_sentence_word_context
403,71,ar,صورة سيلفي,صورة | سيلفي,1,3,الترخيص المنشورات أُوكَازيُون مطبوعات,pseudo_sentence_word_context
404,71,ar,الملكية العامة,الملكية | العامة,3,5,الترخيص المنشورات أُوكَازيُون مطبوعات,isolated_word_fallback_span_out_of_range
405,71,ar,قرد,قرد,5,6,الترخيص المنشورات أُوكَازيُون مطبوعات,isolated_word_fallback_span_out_of_range
406,72,ar,خارج,خارج,0,1,يوم ذاهب بحث القرود,pseudo_sentence_word_context
407,72,ar,زر,زر,1,2,يوم ذاهب بحث القرود,pseudo_sentence_word_context
408,72,ar,قرد,قرد,2,3,يوم ذاهب بحث القرود,pseudo_sentence_word_context
409,72,ar,الخالق,الخالق,3,4,يوم ذاهب بحث القرود,pseudo_sentence_word_context
410,73,ar,تصوير,تصوير,0,1,بدأ يبحث أسود قرد المكاك يوم,pseudo_sentence_word_context
411,73,ar,ويكيبيديا,ويكيبيديا,1,2,بدأ يبحث أسود قرد المكاك يوم,pseudo_sentence_word_context
412,73,ar,تقدير,تقدير,2,3,بدأ يبحث أسود قرد المكاك يوم,pseudo_sentence_word_context
413,73,ar,القرود,القرود,3,4,بدأ يبحث أسود قرد المكاك يوم,pseudo_sentence_word_context
414,73,ar,له,له,4,5,بدأ يبحث أسود قرد المكاك يوم,pseudo_sentence_word_context
415,73,ar,حقوق الطبع والنشر,حقوق | الطبع | والنشر,5,8,بدأ يبحث أسود قرد المكاك يوم,isolated_word_fallback_span_out_of_range
416,74,ar,تصوير,تصوير,0,1,ويكيبيديا رأس قائمة,pseudo_sentence_word_context
417,74,ar,يطلق,يطلق,1,2,ويكيبيديا رأس قائمة,pseudo_sentence_word_context
418,74,ar,الاستخدام العادل,الاستخدام | العادل,2,4,ويكيبيديا رأس قائمة,isolated_word_fallback_span_out_of_range
419,75,ar,ينتمي إلى,ينتمي | إلى,0,2,انقر صورة,pseudo_sentence_word_context
420,75,ar,إنترنت,إنترنت,2,3,انقر صورة,isolated_word_fallback_span_out_of_range
421,76,ar,مشوش,مشوش,0,1,معتقد,pseudo_sentence_word_context
422,77,ar,معتقد,معتقد,0,1,خدمات الطعام وكالة أنباء مدفوع رخصة قسط,pseudo_sentence_word_context
423,77,ar,حقوق الطبع والنشر,حقوق | الطبع | والنشر,1,4,خدمات الطعام وكالة أنباء مدفوع رخصة قسط,pseudo_sentence_word_context
424,77,ar,نظام,نظام,4,5,خدمات الطعام وكالة أنباء مدفوع رخصة قسط,pseudo_sentence_word_context
425,77,ar,مركزة,مركزة,5,6,خدمات الطعام وكالة أنباء مدفوع رخصة قسط,pseudo_sentence_word_context
426,77,ar,إِبداع,إِبداع,6,7,خدمات الطعام وكالة أنباء مدفوع رخصة قسط,pseudo_sentence_word_context
427,77,ar,كل شئ,كل | شئ,7,9,خدمات الطعام وكالة أنباء مدفوع رخصة قسط,isolated_word_fallback_span_out_of_range
428,77,ar,قرد,قرد,9,10,خدمات الطعام وكالة أنباء مدفوع رخصة قسط,isolated_word_fallback_span_out_of_range
429,78,ar,فعل,فعل,0,1,,isolated_word_fallback_span_out_of_range
430,79,ar,يضعط,يضعط,0,1,مرسل خطاب,pseudo_sentence_word_context
431,79,ar,زر,زر,1,2,مرسل خطاب,pseudo_sentence_word_context
432,80,ar,ويكيبيديا,ويكيبيديا,0,1,مرسل خطاب الحد الأقصى يفكر خلال رخصة قسط,pseudo_sentence_word_context
433,80,ar,مشتمل,مشتمل,1,2,مرسل خطاب الحد الأقصى يفكر خلال رخصة قسط,pseudo_sentence_word_context
434,80,ar,ملحوظة,ملحوظة,2,3,مرسل خطاب الحد الأقصى يفكر خلال رخصة قسط,pseudo_sentence_word_context
435,80,ar,تصوير,تصوير,3,4,مرسل خطاب الحد الأقصى يفكر خلال رخصة قسط,pseudo_sentence_word_context
436,80,ar,قارئ,قارئ,4,5,مرسل خطاب الحد الأقصى يفكر خلال رخصة قسط,pseudo_sentence_word_context
437,80,ar,ملف,ملف,5,6,مرسل خطاب الحد الأقصى يفكر خلال رخصة قسط,pseudo_sentence_word_context
438,80,ar,الملكية العامة,الملكية | العامة,6,8,مرسل خطاب الحد الأقصى يفكر خلال رخصة قسط,pseudo_sentence_word_context
439,80,ar,عمل,عمل,8,9,مرسل خطاب الحد الأقصى يفكر خلال رخصة قسط,isolated_word_fallback_span_out_of_range
440,81,ar,حيوان,حيوان,0,1,عرض يدفع,pseudo_sentence_word_context
441,81,ar,بشر,بشر,1,2,عرض يدفع,pseudo_sentence_word_context
442,82,ar,مؤلف,مؤلف,0,1,كتابة الحد الأقصى صورة يعتقد الملكية العامة,pseudo_sentence_word_context
443,82,ar,حقوق الطبع والنشر,حقوق | الطبع | والنشر,1,4,كتابة الحد الأقصى صورة يعتقد الملكية العامة,pseudo_sentence_word_context
444,82,ar,استثمر,استثمر,4,5,كتابة الحد الأقصى صورة يعتقد الملكية العامة,pseudo_sentence_word_context
445,82,ar,قرار,قرار,5,6,كتابة الحد الأقصى صورة يعتقد الملكية العامة,pseudo_sentence_word_context
446,82,ar,ويكيبيديا,ويكيبيديا,6,7,كتابة الحد الأقصى صورة يعتقد الملكية العامة,pseudo_sentence_word_context
447,82,ar,يعلن,يعلن,7,8,كتابة الحد الأقصى صورة يعتقد الملكية العامة,isolated_word_fallback_span_out_of_range
448,82,ar,تصوير,تصوير,8,9,كتابة الحد الأقصى صورة يعتقد الملكية العامة,isolated_word_fallback_span_out_of_range
449,83,ar,الملكية العامة,الملكية | العامة,0,2,كلمات أخرى يستخدم إذن يطلق,pseudo_sentence_word_context
450,83,ar,افتتاح,افتتاح,2,3,كلمات أخرى يستخدم إذن يطلق,pseudo_sentence_word_context
451,83,ar,قرد,قرد,3,4,كلمات أخرى يستخدم إذن يطلق,pseudo_sentence_word_context
452,83,ar,صورة سيلفي,صورة | سيلفي,4,6,كلمات أخرى يستخدم إذن يطلق,isolated_word_fallback_span_out_of_range
453,83,ar,معركة,معركة,6,7,كلمات أخرى يستخدم إذن يطلق,isolated_word_fallback_span_out_of_range
454,84,ar,يأتي,يأتي,0,1,سرقة,pseudo_sentence_word_context
455,85,ar,لحظة,لحظة,0,1,يفعل يعيش أُوكَازيُون صور,pseudo_sentence_word_context
456,85,ar,الأم,الأم,1,2,يفعل يعيش أُوكَازيُون صور,pseudo_sentence_word_context
457,85,ar,طبيعة,طبيعة,2,3,يفعل يعيش أُوكَازيُون صور,pseudo_sentence_word_context
458,85,ar,يحث,يحث,3,4,يفعل يعيش أُوكَازيُون صور,pseudo_sentence_word_context
459,86,ar,الطبيعة البشرية,الطبيعة | البشرية,0,2,متعاون هذه يضرب,pseudo_sentence_word_context
460,86,ar,متخم,متخم,2,3,متعاون هذه يضرب,pseudo_sentence_word_context
461,86,ar,أمتعة,أمتعة,3,4,متعاون هذه يضرب,isolated_word_fallback_span_out_of_range
462,87,ar,قواعد,قواعد,0,1,تحميل ويكيبيديا يشنق حائط مطبعة دعاية,pseudo_sentence_word_context
463,87,ar,الآراء,الآراء,1,2,تحميل ويكيبيديا يشنق حائط مطبعة دعاية,pseudo_sentence_word_context
464,87,ar,يتحكم,يتحكم,2,3,تحميل ويكيبيديا يشنق حائط مطبعة دعاية,pseudo_sentence_word_context
465,87,ar,درس,درس,3,4,تحميل ويكيبيديا يشنق حائط مطبعة دعاية,pseudo_sentence_word_context
466,87,ar,مقعد,مقعد,4,5,تحميل ويكيبيديا يشنق حائط مطبعة دعاية,pseudo_sentence_word_context
467,87,ar,جارح,جارح,5,6,تحميل ويكيبيديا يشنق حائط مطبعة دعاية,pseudo_sentence_word_context
468,88,ar,معقد,معقد,0,1,ويكيبيديا رأي معلومة إنترنت حر,pseudo_sentence_word_context
469,88,ar,مجموعة,مجموعة,1,2,ويكيبيديا رأي معلومة إنترنت حر,pseudo_sentence_word_context
470,88,ar,المحامون,المحامون,2,3,ويكيبيديا رأي معلومة إنترنت حر,pseudo_sentence_word_context
471,88,ar,محسوب,محسوب,3,4,ويكيبيديا رأي معلومة إنترنت حر,pseudo_sentence_word_context
472,88,ar,قانون حقوق التأليف والنشر,قانون | حقوق | التأليف | والنشر,4,8,ويكيبيديا رأي معلومة إنترنت حر,isolated_word_fallback_span_out_of_range
473,89,ar,ينظر,ينظر,0,1,باحث مقرر صورة سيلفي الملكية العامة,pseudo_sentence_word_context
474,89,ar,إيجاد,إيجاد,1,2,باحث مقرر صورة سيلفي الملكية العامة,pseudo_sentence_word_context
475,89,ar,تحدّي,تحدّي,2,3,باحث مقرر صورة سيلفي الملكية العامة,pseudo_sentence_word_context
476,89,ar,الرأسماليون,الرأسماليون,3,4,باحث مقرر صورة سيلفي الملكية العامة,pseudo_sentence_word_context
477,89,ar,تمويل,تمويل,4,5,باحث مقرر صورة سيلفي الملكية العامة,pseudo_sentence_word_context
478,89,ar,مطالبة,مطالبة,5,6,باحث مقرر صورة سيلفي الملكية العامة,pseudo_sentence_word_context
479,90,ar,ويكيبيديا,ويكيبيديا,0,1,قرد خارج زر,pseudo_sentence_word_context
480,90,ar,ويكيميديا,ويكيميديا,1,2,قرد خارج زر,pseudo_sentence_word_context
481,90,ar,مالك,مالك,2,3,قرد خارج زر,pseudo_sentence_word_context
482,91,ar,ويكيبيديا,ويكيبيديا,0,1,قرد الخالق تصوير,pseudo_sentence_word_context
483,91,ar,منح,منح,1,2,قرد الخالق تصوير,pseudo_sentence_word_context
484,91,ar,إصبع,إصبع,2,3,قرد الخالق تصوير,pseudo_sentence_word_context
485,92,ar,كبير,كبير,0,1,ويكيبيديا تقدير القرود له حقوق الطبع والنشر,pseudo_sentence_word_context
486,92,ar,مؤتمر,مؤتمر,1,2,ويكيبيديا تقدير القرود له حقوق الطبع والنشر,pseudo_sentence_word_context
487,92,ar,لندن,لندن,2,3,ويكيبيديا تقدير القرود له حقوق الطبع والنشر,pseudo_sentence_word_context
488,92,ar,مُسَمًّى,مُسَمًّى,3,4,ويكيبيديا تقدير القرود له حقوق الطبع والنشر,pseudo_sentence_word_context
489,92,ar,المؤسسون,المؤسسون,4,5,ويكيبيديا تقدير القرود له حقوق الطبع والنشر,pseudo_sentence_word_context
490,92,ar,ويلز,ويلز,5,6,ويكيبيديا تقدير القرود له حقوق الطبع والنشر,pseudo_sentence_word_context
491,92,ar,يعرف,يعرف,6,7,ويكيبيديا تقدير القرود له حقوق الطبع والنشر,pseudo_sentence_word_context
492,93,ar,جيد,جيد,0,1,تصوير يطلق الاستخدام العادل,pseudo_sentence_word_context
493,93,ar,ويلز,ويلز,1,2,تصوير يطلق الاستخدام العادل,pseudo_sentence_word_context
494,93,ar,كثير,كثير,2,3,تصوير يطلق الاستخدام العادل,pseudo_sentence_word_context
495,93,ar,الممثلون,الممثلون,3,4,تصوير يطلق الاستخدام العادل,pseudo_sentence_word_context
496,94,ar,السخرية,السخرية,0,1,ينتمي إلى إنترنت,pseudo_sentence_word_context
497,94,ar,طباعة,طباعة,1,2,ينتمي إلى إنترنت,pseudo_sentence_word_context
498,94,ar,صورة,صورة,2,3,ينتمي إلى إنترنت,pseudo_sentence_word_context
499,95,ar,كبير,كبير,0,1,مشوش,pseudo_sentence_word_context
500,96,ar,كبير,كبير,0,1,معتقد,pseudo_sentence_word_context
501,97,ar,المجالس,المجالس,0,1,حقوق الطبع والنشر,pseudo_sentence_word_context
502,97,ar,تم وضعه,تم | وضعه,1,3,حقوق الطبع والنشر,pseudo_sentence_word_context
503,97,ar,مؤتمر,مؤتمر,3,4,حقوق الطبع والنشر,isolated_word_fallback_span_out_of_range
504,98,ar,جهاز,جهاز,0,1,نظام,pseudo_sentence_word_context
505,99,ar,ويلز,ويلز,0,1,مركزة,pseudo_sentence_word_context
506,100,ar,متنوع,متنوع,0,1,إِبداع,pseudo_sentence_word_context
507,101,ar,آخر,آخر,0,1,كل شئ قرد فعل يضعط زر,pseudo_sentence_word_context
508,101,ar,الناس,الناس,1,2,كل شئ قرد فعل يضعط زر,pseudo_sentence_word_context
509,101,ar,مشجع,مشجع,2,3,كل شئ قرد فعل يضعط زر,pseudo_sentence_word_context
510,101,ar,الممثلون,الممثلون,3,4,كل شئ قرد فعل يضعط زر,pseudo_sentence_word_context
511,101,ar,يأخذ,يأخذ,4,5,كل شئ قرد فعل يضعط زر,pseudo_sentence_word_context
512,101,ar,صورة سيلفي,صورة | سيلفي,5,7,كل شئ قرد فعل يضعط زر,isolated_word_fallback_span_out_of_range
513,102,ar,صورة سيلفي,صورة | سيلفي,0,2,ويكيبيديا مشتمل ملحوظة تصوير قارئ ملف الملكية العامة عمل حيوان بشر مؤلف حقوق الطبع والنشر استثمر قرار ويكيبيديا يعلن تصوير الملكية العامة افتتاح قرد صورة سيلفي معركة يأتي,pseudo_sentence_word_context
514,102,ar,متوسط,متوسط,2,3,ويكيبيديا مشتمل ملحوظة تصوير قارئ ملف الملكية العامة عمل حيوان بشر مؤلف حقوق الطبع والنشر استثمر قرار ويكيبيديا يعلن تصوير الملكية العامة افتتاح قرد صورة سيلفي معركة يأتي,pseudo_sentence_word_context
515,102,ar,عدد قليل,عدد | قليل,3,5,ويكيبيديا مشتمل ملحوظة تصوير قارئ ملف الملكية العامة عمل حيوان بشر مؤلف حقوق الطبع والنشر استثمر قرار ويكيبيديا يعلن تصوير الملكية العامة افتتاح قرد صورة سيلفي معركة يأتي,pseudo_sentence_word_context
516,102,ar,صور,صور,5,6,ويكيبيديا مشتمل ملحوظة تصوير قارئ ملف الملكية العامة عمل حيوان بشر مؤلف حقوق الطبع والنشر استثمر قرار ويكيبيديا يعلن تصوير الملكية العامة افتتاح قرد صورة سيلفي معركة يأتي,pseudo_sentence_word_context
517,102,ar,مكان,مكان,6,7,ويكيبيديا مشتمل ملحوظة تصوير قارئ ملف الملكية العامة عمل حيوان بشر مؤلف حقوق الطبع والنشر استثمر قرار ويكيبيديا يعلن تصوير الملكية العامة افتتاح قرد صورة سيلفي معركة يأتي,pseudo_sentence_word_context
518,102,ar,إنترنت,إنترنت,7,8,ويكيبيديا مشتمل ملحوظة تصوير قارئ ملف الملكية العامة عمل حيوان بشر مؤلف حقوق الطبع والنشر استثمر قرار ويكيبيديا يعلن تصوير الملكية العامة افتتاح قرد صورة سيلفي معركة يأتي,pseudo_sentence_word_context
519,102,ar,ويلز,ويلز,8,9,ويكيبيديا مشتمل ملحوظة تصوير قارئ ملف الملكية العامة عمل حيوان بشر مؤلف حقوق الطبع والنشر استثمر قرار ويكيبيديا يعلن تصوير الملكية العامة افتتاح قرد صورة سيلفي معركة يأتي,pseudo_sentence_word_context
520,102,ar,خطأ,خطأ,9,10,ويكيبيديا مشتمل ملحوظة تصوير قارئ ملف الملكية العامة عمل حيوان بشر مؤلف حقوق الطبع والنشر استثمر قرار ويكيبيديا يعلن تصوير الملكية العامة افتتاح قرد صورة سيلفي معركة يأتي,pseudo_sentence_word_context
521,102,ar,انتظر,انتظر,10,11,ويكيبيديا مشتمل ملحوظة تصوير قارئ ملف الملكية العامة عمل حيوان بشر مؤلف حقوق الطبع والنشر استثمر قرار ويكيبيديا يعلن تصوير الملكية العامة افتتاح قرد صورة سيلفي معركة يأتي,pseudo_sentence_word_context
522,102,ar,يريد,يريد,11,12,ويكيبيديا مشتمل ملحوظة تصوير قارئ ملف الملكية العامة عمل حيوان بشر مؤلف حقوق الطبع والنشر استثمر قرار ويكيبيديا يعلن تصوير الملكية العامة افتتاح قرد صورة سيلفي معركة يأتي,pseudo_sentence_word_context
523,102,ar,ينظر,ينظر,12,13,ويكيبيديا مشتمل ملحوظة تصوير قارئ ملف الملكية العامة عمل حيوان بشر مؤلف حقوق الطبع والنشر استثمر قرار ويكيبيديا يعلن تصوير الملكية العامة افتتاح قرد صورة سيلفي معركة يأتي,pseudo_sentence_word_context
524,102,ar,سريع,سريع,13,14,ويكيبيديا مشتمل ملحوظة تصوير قارئ ملف الملكية العامة عمل حيوان بشر مؤلف حقوق الطبع والنشر استثمر قرار ويكيبيديا يعلن تصوير الملكية العامة افتتاح قرد صورة سيلفي معركة يأتي,pseudo_sentence_word_context
525,102,ar,يشنق,يشنق,14,15,ويكيبيديا مشتمل ملحوظة تصوير قارئ ملف الملكية العامة عمل حيوان بشر مؤلف حقوق الطبع والنشر استثمر قرار ويكيبيديا يعلن تصوير الملكية العامة افتتاح قرد صورة سيلفي معركة يأتي,pseudo_sentence_word_context
526,102,ar,ويلز,ويلز,15,16,ويكيبيديا مشتمل ملحوظة تصوير قارئ ملف الملكية العامة عمل حيوان بشر مؤلف حقوق الطبع والنشر استثمر قرار ويكيبيديا يعلن تصوير الملكية العامة افتتاح قرد صورة سيلفي معركة يأتي,pseudo_sentence_word_context
527,102,ar,قرد,قرد,16,17,ويكيبيديا مشتمل ملحوظة تصوير قارئ ملف الملكية العامة عمل حيوان بشر مؤلف حقوق الطبع والنشر استثمر قرار ويكيبيديا يعلن تصوير الملكية العامة افتتاح قرد صورة سيلفي معركة يأتي,pseudo_sentence_word_context
528,102,ar,صورة سيلفي,صورة | سيلفي,17,19,ويكيبيديا مشتمل ملحوظة تصوير قارئ ملف الملكية العامة عمل حيوان بشر مؤلف حقوق الطبع والنشر استثمر قرار ويكيبيديا يعلن تصوير الملكية العامة افتتاح قرد صورة سيلفي معركة يأتي,pseudo_sentence_word_context
529,102,ar,ويلز,ويلز,19,20,ويكيبيديا مشتمل ملحوظة تصوير قارئ ملف الملكية العامة عمل حيوان بشر مؤلف حقوق الطبع والنشر استثمر قرار ويكيبيديا يعلن تصوير الملكية العامة افتتاح قرد صورة سيلفي معركة يأتي,pseudo_sentence_word_context
530,102,ar,يذهب,يذهب,20,21,ويكيبيديا مشتمل ملحوظة تصوير قارئ ملف الملكية العامة عمل حيوان بشر مؤلف حقوق الطبع والنشر استثمر قرار ويكيبيديا يعلن تصوير الملكية العامة افتتاح قرد صورة سيلفي معركة يأتي,pseudo_sentence_word_context
531,102,ar,ينظر,ينظر,21,22,ويكيبيديا مشتمل ملحوظة تصوير قارئ ملف الملكية العامة عمل حيوان بشر مؤلف حقوق الطبع والنشر استثمر قرار ويكيبيديا يعلن تصوير الملكية العامة افتتاح قرد صورة سيلفي معركة يأتي,pseudo_sentence_word_context
532,102,ar,يكتب,يكتب,22,23,ويكيبيديا مشتمل ملحوظة تصوير قارئ ملف الملكية العامة عمل حيوان بشر مؤلف حقوق الطبع والنشر استثمر قرار ويكيبيديا يعلن تصوير الملكية العامة افتتاح قرد صورة سيلفي معركة يأتي,pseudo_sentence_word_context
533,102,ar,ويلز,ويلز,23,24,ويكيبيديا مشتمل ملحوظة تصوير قارئ ملف الملكية العامة عمل حيوان بشر مؤلف حقوق الطبع والنشر استثمر قرار ويكيبيديا يعلن تصوير الملكية العامة افتتاح قرد صورة سيلفي معركة يأتي,pseudo_sentence_word_context
534,102,ar,قرد,قرد,24,25,ويكيبيديا مشتمل ملحوظة تصوير قارئ ملف الملكية العامة عمل حيوان بشر مؤلف حقوق الطبع والنشر استثمر قرار ويكيبيديا يعلن تصوير الملكية العامة افتتاح قرد صورة سيلفي معركة يأتي,pseudo_sentence_word_context
535,102,ar,صورة سيلفي,صورة | سيلفي,25,27,ويكيبيديا مشتمل ملحوظة تصوير قارئ ملف الملكية العامة عمل حيوان بشر مؤلف حقوق الطبع والنشر استثمر قرار ويكيبيديا يعلن تصوير الملكية العامة افتتاح قرد صورة سيلفي معركة يأتي,pseudo_sentence_word_context
536,102,ar,يجد,يجد,27,28,ويكيبيديا مشتمل ملحوظة تصوير قارئ ملف الملكية العامة عمل حيوان بشر مؤلف حقوق الطبع والنشر استثمر قرار ويكيبيديا يعلن تصوير الملكية العامة افتتاح قرد صورة سيلفي معركة يأتي,pseudo_sentence_word_context
537,102,ar,ذكر بالغ,ذكر | بالغ,28,30,ويكيبيديا مشتمل ملحوظة تصوير قارئ ملف الملكية العامة عمل حيوان بشر مؤلف حقوق الطبع والنشر استثمر قرار ويكيبيديا يعلن تصوير الملكية العامة افتتاح قرد صورة سيلفي معركة يأتي,isolated_word_fallback_span_out_of_range
538,102,ar,بشر,بشر,30,31,ويكيبيديا مشتمل ملحوظة تصوير قارئ ملف الملكية العامة عمل حيوان بشر مؤلف حقوق الطبع والنشر استثمر قرار ويكيبيديا يعلن تصوير الملكية العامة افتتاح قرد صورة سيلفي معركة يأتي,isolated_word_fallback_span_out_of_range
539,102,ar,حيازة,حيازة,31,32,ويكيبيديا مشتمل ملحوظة تصوير قارئ ملف الملكية العامة عمل حيوان بشر مؤلف حقوق الطبع والنشر استثمر قرار ويكيبيديا يعلن تصوير الملكية العامة افتتاح قرد صورة سيلفي معركة يأتي,isolated_word_fallback_span_out_of_range
540,102,ar,هاتف,هاتف,32,33,ويكيبيديا مشتمل ملحوظة تصوير قارئ ملف الملكية العامة عمل حيوان بشر مؤلف حقوق الطبع والنشر استثمر قرار ويكيبيديا يعلن تصوير الملكية العامة افتتاح قرد صورة سيلفي معركة يأتي,isolated_word_fallback_span_out_of_range
541,103,ar,يُسلِّم,يُسلِّم,0,1,لحظة الأم طبيعة يحث الطبيعة البشرية متخم أمتعة قواعد الآراء يتحكم درس مقعد,pseudo_sentence_word_context
542,103,ar,قرد,قرد,1,2,لحظة الأم طبيعة يحث الطبيعة البشرية متخم أمتعة قواعد الآراء يتحكم درس مقعد,pseudo_sentence_word_context
543,103,ar,صورة سيلفي,صورة | سيلفي,2,4,لحظة الأم طبيعة يحث الطبيعة البشرية متخم أمتعة قواعد الآراء يتحكم درس مقعد,pseudo_sentence_word_context
544,103,ar,آخر,آخر,4,5,لحظة الأم طبيعة يحث الطبيعة البشرية متخم أمتعة قواعد الآراء يتحكم درس مقعد,pseudo_sentence_word_context
545,103,ar,التالي,التالي,5,6,لحظة الأم طبيعة يحث الطبيعة البشرية متخم أمتعة قواعد الآراء يتحكم درس مقعد,pseudo_sentence_word_context
546,103,ar,وجه,وجه,6,7,لحظة الأم طبيعة يحث الطبيعة البشرية متخم أمتعة قواعد الآراء يتحكم درس مقعد,pseudo_sentence_word_context
547,103,ar,شفه,شفه,7,8,لحظة الأم طبيعة يحث الطبيعة البشرية متخم أمتعة قواعد الآراء يتحكم درس مقعد,pseudo_sentence_word_context
548,103,ar,مجعد,مجعد,8,9,لحظة الأم طبيعة يحث الطبيعة البشرية متخم أمتعة قواعد الآراء يتحكم درس مقعد,pseudo_sentence_word_context
549,103,ar,يلوي,يلوي,9,10,لحظة الأم طبيعة يحث الطبيعة البشرية متخم أمتعة قواعد الآراء يتحكم درس مقعد,pseudo_sentence_word_context
550,103,ar,مظهر,مظهر,10,11,لحظة الأم طبيعة يحث الطبيعة البشرية متخم أمتعة قواعد الآراء يتحكم درس مقعد,pseudo_sentence_word_context
551,103,ar,سخيف,سخيف,11,12,لحظة الأم طبيعة يحث الطبيعة البشرية متخم أمتعة قواعد الآراء يتحكم درس مقعد,pseudo_sentence_word_context
552,103,ar,وجه,وجه,12,13,لحظة الأم طبيعة يحث الطبيعة البشرية متخم أمتعة قواعد الآراء يتحكم درس مقعد,pseudo_sentence_word_context
553,103,ar,تحضير,تحضير,13,14,لحظة الأم طبيعة يحث الطبيعة البشرية متخم أمتعة قواعد الآراء يتحكم درس مقعد,isolated_word_fallback_span_out_of_range
554,104,ar,يلوي,يلوي,0,1,جارح معقد مجموعة المحامون محسوب قانون حقوق التأليف والنشر,pseudo_sentence_word_context
555,104,ar,وجه,وجه,1,2,جارح معقد مجموعة المحامون محسوب قانون حقوق التأليف والنشر,pseudo_sentence_word_context
556,104,ar,لا أعرف.,لا | أعرف,2,4,جارح معقد مجموعة المحامون محسوب قانون حقوق التأليف والنشر,pseudo_sentence_word_context
557,104,ar,آت,آت,4,5,جارح معقد مجموعة المحامون محسوب قانون حقوق التأليف والنشر,pseudo_sentence_word_context
558,104,ar,حبكة,حبكة,5,6,جارح معقد مجموعة المحامون محسوب قانون حقوق التأليف والنشر,pseudo_sentence_word_context
559,104,ar,الناس,الناس,6,7,جارح معقد مجموعة المحامون محسوب قانون حقوق التأليف والنشر,pseudo_sentence_word_context
560,104,ar,لا تفعل ذلك.,لا | تفعل | ذلك,7,10,جارح معقد مجموعة المحامون محسوب قانون حقوق التأليف والنشر,isolated_word_fallback_span_out_of_range
561,104,ar,يعرض,يعرض,10,11,جارح معقد مجموعة المحامون محسوب قانون حقوق التأليف والنشر,isolated_word_fallback_span_out_of_range
562,104,ar,يفعل,يفعل,11,12,جارح معقد مجموعة المحامون محسوب قانون حقوق التأليف والنشر,isolated_word_fallback_span_out_of_range
563,105,ar,يلوي,يلوي,0,1,ينظر إيجاد تحدّي الرأسماليون تمويل مطالبة ويكيبيديا,pseudo_sentence_word_context
564,105,ar,شفه,شفه,1,2,ينظر إيجاد تحدّي الرأسماليون تمويل مطالبة ويكيبيديا,pseudo_sentence_word_context
565,105,ar,فعل,فعل,2,3,ينظر إيجاد تحدّي الرأسماليون تمويل مطالبة ويكيبيديا,pseudo_sentence_word_context
566,105,ar,يشعر,يشعر,3,4,ينظر إيجاد تحدّي الرأسماليون تمويل مطالبة ويكيبيديا,pseudo_sentence_word_context
567,105,ar,مخصص,مخصص,4,5,ينظر إيجاد تحدّي الرأسماليون تمويل مطالبة ويكيبيديا,pseudo_sentence_word_context
568,105,ar,ويلز,ويلز,5,6,ينظر إيجاد تحدّي الرأسماليون تمويل مطالبة ويكيبيديا,pseudo_sentence_word_context
569,105,ar,صورة سيلفي,صورة | سيلفي,6,8,ينظر إيجاد تحدّي الرأسماليون تمويل مطالبة ويكيبيديا,isolated_word_fallback_span_out_of_range
570,106,ar,قرد,قرد,0,1,ويكيميديا مالك ويكيبيديا منح إصبع,pseudo_sentence_word_context
571,106,ar,صورة سيلفي,صورة | سيلفي,1,3,ويكيميديا مالك ويكيبيديا منح إصبع,pseudo_sentence_word_context
572,106,ar,غاضب,غاضب,3,4,ويكيميديا مالك ويكيبيديا منح إصبع,pseudo_sentence_word_context
573,106,ar,القتال,القتال,4,5,ويكيميديا مالك ويكيبيديا منح إصبع,pseudo_sentence_word_context
574,106,ar,يوم,يوم,5,6,ويكيميديا مالك ويكيبيديا منح إصبع,isolated_word_fallback_span_out_of_range
575,107,ar,معركة,معركة,0,1,كبير مؤتمر لندن,pseudo_sentence_word_context
576,107,ar,درس,درس,1,2,كبير مؤتمر لندن,pseudo_sentence_word_context
577,107,ar,ملحمي,ملحمي,2,3,كبير مؤتمر لندن,pseudo_sentence_word_context
578,108,ar,جديد,جديد,0,1,مُسَمًّى,pseudo_sentence_word_context
579,109,ar,النسب,النسب,0,1,المؤسسون ويلز,pseudo_sentence_word_context
580,109,ar,ملِك,ملِك,1,2,المؤسسون ويلز,pseudo_sentence_word_context
581,110,ar,ذهبت.,ذهبت,0,1,يعرف جيد ويلز كثير الممثلون السخرية طباعة صورة كبير كبير المجالس تم وضعه مؤتمر جهاز,pseudo_sentence_word_context
582,110,ar,مشهد,مشهد,1,2,يعرف جيد ويلز كثير الممثلون السخرية طباعة صورة كبير كبير المجالس تم وضعه مؤتمر جهاز,pseudo_sentence_word_context
583,110,ar,معركة,معركة,2,3,يعرف جيد ويلز كثير الممثلون السخرية طباعة صورة كبير كبير المجالس تم وضعه مؤتمر جهاز,pseudo_sentence_word_context
584,110,ar,قسم,قسم,3,4,يعرف جيد ويلز كثير الممثلون السخرية طباعة صورة كبير كبير المجالس تم وضعه مؤتمر جهاز,pseudo_sentence_word_context
585,110,ar,ويكيميديا,ويكيميديا,4,5,يعرف جيد ويلز كثير الممثلون السخرية طباعة صورة كبير كبير المجالس تم وضعه مؤتمر جهاز,pseudo_sentence_word_context
586,110,ar,مخلوق,مخلوق,5,6,يعرف جيد ويلز كثير الممثلون السخرية طباعة صورة كبير كبير المجالس تم وضعه مؤتمر جهاز,pseudo_sentence_word_context
587,110,ar,يضعط,يضعط,6,7,يعرف جيد ويلز كثير الممثلون السخرية طباعة صورة كبير كبير المجالس تم وضعه مؤتمر جهاز,pseudo_sentence_word_context
588,110,ar,يوم,يوم,7,8,يعرف جيد ويلز كثير الممثلون السخرية طباعة صورة كبير كبير المجالس تم وضعه مؤتمر جهاز,pseudo_sentence_word_context
589,110,ar,امرأة,امرأة,8,9,يعرف جيد ويلز كثير الممثلون السخرية طباعة صورة كبير كبير المجالس تم وضعه مؤتمر جهاز,pseudo_sentence_word_context
590,110,ar,مصور,مصور,9,10,يعرف جيد ويلز كثير الممثلون السخرية طباعة صورة كبير كبير المجالس تم وضعه مؤتمر جهاز,pseudo_sentence_word_context
591,110,ar,سو,سو,10,11,يعرف جيد ويلز كثير الممثلون السخرية طباعة صورة كبير كبير المجالس تم وضعه مؤتمر جهاز,pseudo_sentence_word_context
592,110,ar,قرد,قرد,11,12,يعرف جيد ويلز كثير الممثلون السخرية طباعة صورة كبير كبير المجالس تم وضعه مؤتمر جهاز,pseudo_sentence_word_context
593,110,ar,متاح,متاح,12,13,يعرف جيد ويلز كثير الممثلون السخرية طباعة صورة كبير كبير المجالس تم وضعه مؤتمر جهاز,pseudo_sentence_word_context
594,110,ar,قرد,قرد,13,14,يعرف جيد ويلز كثير الممثلون السخرية طباعة صورة كبير كبير المجالس تم وضعه مؤتمر جهاز,pseudo_sentence_word_context
595,110,ar,مطالبة,مطالبة,14,15,يعرف جيد ويلز كثير الممثلون السخرية طباعة صورة كبير كبير المجالس تم وضعه مؤتمر جهاز,pseudo_sentence_word_context
596,111,ar,امرأة,امرأة,0,1,ويلز متنوع آخر الناس مشجع الممثلون يأخذ صورة سيلفي صورة سيلفي,pseudo_sentence_word_context
597,111,ar,يجد,يجد,1,2,ويلز متنوع آخر الناس مشجع الممثلون يأخذ صورة سيلفي صورة سيلفي,pseudo_sentence_word_context
598,111,ar,يجد,يجد,2,3,ويلز متنوع آخر الناس مشجع الممثلون يأخذ صورة سيلفي صورة سيلفي,pseudo_sentence_word_context
599,111,ar,ويكيبيديا,ويكيبيديا,3,4,ويلز متنوع آخر الناس مشجع الممثلون يأخذ صورة سيلفي صورة سيلفي,pseudo_sentence_word_context
600,111,ar,سرقة,سرقة,4,5,ويلز متنوع آخر الناس مشجع الممثلون يأخذ صورة سيلفي صورة سيلفي,pseudo_sentence_word_context
601,111,ar,مواجهة,مواجهة,5,6,ويلز متنوع آخر الناس مشجع الممثلون يأخذ صورة سيلفي صورة سيلفي,pseudo_sentence_word_context
602,111,ar,مواجهة,مواجهة,6,7,ويلز متنوع آخر الناس مشجع الممثلون يأخذ صورة سيلفي صورة سيلفي,pseudo_sentence_word_context
603,111,ar,حقيقة,حقيقة,7,8,ويلز متنوع آخر الناس مشجع الممثلون يأخذ صورة سيلفي صورة سيلفي,pseudo_sentence_word_context
604,111,ar,سو,سو,8,9,ويلز متنوع آخر الناس مشجع الممثلون يأخذ صورة سيلفي صورة سيلفي,pseudo_sentence_word_context
605,111,ar,قرد,قرد,9,10,ويلز متنوع آخر الناس مشجع الممثلون يأخذ صورة سيلفي صورة سيلفي,pseudo_sentence_word_context
606,111,ar,قرد,قرد,10,11,ويلز متنوع آخر الناس مشجع الممثلون يأخذ صورة سيلفي صورة سيلفي,pseudo_sentence_word_context
607,112,ar,صورة سيلفي,صورة | سيلفي,0,2,متوسط,isolated_word_fallback_span_out_of_range
608,113,ar,صور,صور,0,1,عدد قليل صور مكان إنترنت ويلز خطأ,pseudo_sentence_word_context
609,113,ar,مطالبة,مطالبة,1,2,عدد قليل صور مكان إنترنت ويلز خطأ,pseudo_sentence_word_context
610,113,ar,انتهاك حقوق النشر,انتهاك | حقوق | النشر,2,5,عدد قليل صور مكان إنترنت ويلز خطأ,pseudo_sentence_word_context
611,113,ar,يساعد,يساعد,5,6,عدد قليل صور مكان إنترنت ويلز خطأ,pseudo_sentence_word_context
612,113,ar,الناس,الناس,6,7,عدد قليل صور مكان إنترنت ويلز خطأ,pseudo_sentence_word_context
613,113,ar,أخلاقي,أخلاقي,7,8,عدد قليل صور مكان إنترنت ويلز خطأ,isolated_word_fallback_span_out_of_range
614,113,ar,نسبة,نسبة,8,9,عدد قليل صور مكان إنترنت ويلز خطأ,isolated_word_fallback_span_out_of_range
615,114,ar,الحيوانات,الحيوانات,0,1,انتظر,pseudo_sentence_word_context
616,115,ar,مُسَمًّى,مُسَمًّى,0,1,يريد ينظر سريع,pseudo_sentence_word_context
617,115,ar,المحامون,المحامون,1,2,يريد ينظر سريع,pseudo_sentence_word_context
618,115,ar,يقول,يقول,2,3,يريد ينظر سريع,pseudo_sentence_word_context
619,116,ar,ينظر,ينظر,0,1,يشنق,pseudo_sentence_word_context
620,117,ar,يرى,يرى,0,1,,isolated_word_fallback_span_out_of_range
621,118,ar,يحدث,يحدث,0,1,ويلز قرد صورة سيلفي,pseudo_sentence_word_context
622,118,ar,يفعل,يفعل,1,2,ويلز قرد صورة سيلفي,pseudo_sentence_word_context
623,118,ar,يقول,يقول,2,3,ويلز قرد صورة سيلفي,pseudo_sentence_word_context
624,118,ar,الحمقى,الحمقى,3,4,ويلز قرد صورة سيلفي,pseudo_sentence_word_context
625,119,ar,رخام,رخام,0,1,ويلز,pseudo_sentence_word_context
626,120,ar,يقول,يقول,0,1,يذهب,pseudo_sentence_word_context
627,121,ar,يجلس,يجلس,0,1,,isolated_word_fallback_span_out_of_range
628,122,ar,السماح,السماح,0,1,ينظر,pseudo_sentence_word_context
629,123,ar,يرى,يرى,0,1,يكتب ويلز قرد صورة سيلفي يجد ذكر بالغ بشر حيازة هاتف يُسلِّم قرد صورة سيلفي آخر التالي وجه,pseudo_sentence_word_context
630,123,ar,شعاع,شعاع,1,2,يكتب ويلز قرد صورة سيلفي يجد ذكر بالغ بشر حيازة هاتف يُسلِّم قرد صورة سيلفي آخر التالي وجه,pseudo_sentence_word_context
631,123,ar,يفعل,يفعل,2,3,يكتب ويلز قرد صورة سيلفي يجد ذكر بالغ بشر حيازة هاتف يُسلِّم قرد صورة سيلفي آخر التالي وجه,pseudo_sentence_word_context
632,123,ar,يرد,يرد,3,4,يكتب ويلز قرد صورة سيلفي يجد ذكر بالغ بشر حيازة هاتف يُسلِّم قرد صورة سيلفي آخر التالي وجه,pseudo_sentence_word_context
633,123,ar,يعرف,يعرف,4,5,يكتب ويلز قرد صورة سيلفي يجد ذكر بالغ بشر حيازة هاتف يُسلِّم قرد صورة سيلفي آخر التالي وجه,pseudo_sentence_word_context
634,123,ar,هَم,هَم,5,6,يكتب ويلز قرد صورة سيلفي يجد ذكر بالغ بشر حيازة هاتف يُسلِّم قرد صورة سيلفي آخر التالي وجه,pseudo_sentence_word_context
635,123,ar,تم تقديمه,تم | تقديمه,6,8,يكتب ويلز قرد صورة سيلفي يجد ذكر بالغ بشر حيازة هاتف يُسلِّم قرد صورة سيلفي آخر التالي وجه,pseudo_sentence_word_context
636,123,ar,أوراق,أوراق,8,9,يكتب ويلز قرد صورة سيلفي يجد ذكر بالغ بشر حيازة هاتف يُسلِّم قرد صورة سيلفي آخر التالي وجه,pseudo_sentence_word_context
637,123,ar,السماح,السماح,9,10,يكتب ويلز قرد صورة سيلفي يجد ذكر بالغ بشر حيازة هاتف يُسلِّم قرد صورة سيلفي آخر التالي وجه,pseudo_sentence_word_context
638,123,ar,يرى,يرى,10,11,يكتب ويلز قرد صورة سيلفي يجد ذكر بالغ بشر حيازة هاتف يُسلِّم قرد صورة سيلفي آخر التالي وجه,pseudo_sentence_word_context
639,123,ar,شعاع,شعاع,11,12,يكتب ويلز قرد صورة سيلفي يجد ذكر بالغ بشر حيازة هاتف يُسلِّم قرد صورة سيلفي آخر التالي وجه,pseudo_sentence_word_context
640,123,ar,تأمين,تأمين,12,13,يكتب ويلز قرد صورة سيلفي يجد ذكر بالغ بشر حيازة هاتف يُسلِّم قرد صورة سيلفي آخر التالي وجه,pseudo_sentence_word_context
641,123,ar,ظهراً,ظهراً,13,14,يكتب ويلز قرد صورة سيلفي يجد ذكر بالغ بشر حيازة هاتف يُسلِّم قرد صورة سيلفي آخر التالي وجه,pseudo_sentence_word_context
642,123,ar,منزل,منزل,14,15,يكتب ويلز قرد صورة سيلفي يجد ذكر بالغ بشر حيازة هاتف يُسلِّم قرد صورة سيلفي آخر التالي وجه,pseudo_sentence_word_context
643,123,ar,طرق,طرق,15,16,يكتب ويلز قرد صورة سيلفي يجد ذكر بالغ بشر حيازة هاتف يُسلِّم قرد صورة سيلفي آخر التالي وجه,pseudo_sentence_word_context
644,123,ar,باب,باب,16,17,يكتب ويلز قرد صورة سيلفي يجد ذكر بالغ بشر حيازة هاتف يُسلِّم قرد صورة سيلفي آخر التالي وجه,pseudo_sentence_word_context
645,123,ar,شخص,شخص,17,18,يكتب ويلز قرد صورة سيلفي يجد ذكر بالغ بشر حيازة هاتف يُسلِّم قرد صورة سيلفي آخر التالي وجه,pseudo_sentence_word_context
646,123,ar,أسود,أسود,18,19,يكتب ويلز قرد صورة سيلفي يجد ذكر بالغ بشر حيازة هاتف يُسلِّم قرد صورة سيلفي آخر التالي وجه,isolated_word_fallback_span_out_of_range
647,124,ar,بدلة,بدلة,0,1,شفه مجعد يلوي,pseudo_sentence_word_context
648,124,ar,واقفاً,واقفاً,1,2,شفه مجعد يلوي,pseudo_sentence_word_context
649,124,ar,الشرفة,الشرفة,2,3,شفه مجعد يلوي,pseudo_sentence_word_context
650,125,ar,طريق,طريق,0,1,مظهر سخيف,pseudo_sentence_word_context
651,125,ar,يفتح,يفتح,1,2,مظهر سخيف,pseudo_sentence_word_context
652,126,ar,باب,باب,0,1,وجه تحضير,pseudo_sentence_word_context
653,126,ar,يحث,يحث,1,2,وجه تحضير,pseudo_sentence_word_context
654,127,ar,كبير,كبير,0,1,يلوي وجه,pseudo_sentence_word_context
655,127,ar,الحجم,الحجم,1,2,يلوي وجه,pseudo_sentence_word_context
656,128,ar,أبيض,أبيض,0,1,لا أعرف. آت,pseudo_sentence_word_context
657,128,ar,ظرف,ظرف,1,2,لا أعرف. آت,pseudo_sentence_word_context
658,128,ar,يُسلِّم,يُسلِّم,2,3,لا أعرف. آت,pseudo_sentence_word_context
659,129,ar,يقول,يقول,0,1,لا تفعل ذلك.,pseudo_sentence_word_context
660,129,ar,أحد الوالدين,أحد | الوالدين,1,3,لا تفعل ذلك.,pseudo_sentence_word_context
661,129,ar,يمر,يمر,3,4,لا تفعل ذلك.,isolated_word_fallback_span_out_of_range
662,130,ar,يقول,يقول,0,1,حبكة الناس يعرض يفعل يلوي شفه,pseudo_sentence_word_context
663,130,ar,يفتح,يفتح,1,2,حبكة الناس يعرض يفعل يلوي شفه,pseudo_sentence_word_context
664,130,ar,أمام,أمام,2,3,حبكة الناس يعرض يفعل يلوي شفه,pseudo_sentence_word_context
665,130,ar,درس,درس,3,4,حبكة الناس يعرض يفعل يلوي شفه,pseudo_sentence_word_context
666,130,ar,يقول,يقول,4,5,حبكة الناس يعرض يفعل يلوي شفه,pseudo_sentence_word_context
667,130,ar,يفعل,يفعل,5,6,حبكة الناس يعرض يفعل يلوي شفه,pseudo_sentence_word_context
668,131,ar,يعرف,يعرف,0,1,فعل يشعر مخصص ويلز صورة سيلفي قرد صورة سيلفي,pseudo_sentence_word_context
669,131,ar,يقول,يقول,1,2,فعل يشعر مخصص ويلز صورة سيلفي قرد صورة سيلفي,pseudo_sentence_word_context
670,131,ar,يقول,يقول,2,3,فعل يشعر مخصص ويلز صورة سيلفي قرد صورة سيلفي,pseudo_sentence_word_context
671,131,ar,سو,سو,3,4,فعل يشعر مخصص ويلز صورة سيلفي قرد صورة سيلفي,pseudo_sentence_word_context
672,131,ar,قرد,قرد,4,5,فعل يشعر مخصص ويلز صورة سيلفي قرد صورة سيلفي,pseudo_sentence_word_context
673,131,ar,يعرض,يعرض,5,6,فعل يشعر مخصص ويلز صورة سيلفي قرد صورة سيلفي,pseudo_sentence_word_context
674,131,ar,بدأ,بدأ,6,7,فعل يشعر مخصص ويلز صورة سيلفي قرد صورة سيلفي,pseudo_sentence_word_context
675,131,ar,يضحك,يضحك,7,8,فعل يشعر مخصص ويلز صورة سيلفي قرد صورة سيلفي,pseudo_sentence_word_context
676,131,ar,يتحدث,يتحدث,8,9,فعل يشعر مخصص ويلز صورة سيلفي قرد صورة سيلفي,pseudo_sentence_word_context
677,132,ar,سبب,سبب,0,1,غاضب,pseudo_sentence_word_context
678,133,ar,محلي,محلي,0,1,القتال,pseudo_sentence_word_context
679,134,ar,محلي,محلي,0,1,يوم معركة درس ملحمي جديد النسب,pseudo_sentence_word_context
680,134,ar,صلب,صلب,1,2,يوم معركة درس ملحمي جديد النسب,pseudo_sentence_word_context
681,134,ar,طريق,طريق,2,3,يوم معركة درس ملحمي جديد النسب,pseudo_sentence_word_context
682,134,ar,مسافر,مسافر,3,4,يوم معركة درس ملحمي جديد النسب,pseudo_sentence_word_context
683,134,ar,سعيد,سعيد,4,5,يوم معركة درس ملحمي جديد النسب,pseudo_sentence_word_context
684,134,ar,طريق,طريق,5,6,يوم معركة درس ملحمي جديد النسب,pseudo_sentence_word_context
685,135,ar,يقرأ,يقرأ,0,1,ملِك ذهبت. مشهد معركة,pseudo_sentence_word_context
686,135,ar,شكوى,شكوى,1,2,ملِك ذهبت. مشهد معركة,pseudo_sentence_word_context
687,135,ar,غريب,غريب,2,3,ملِك ذهبت. مشهد معركة,pseudo_sentence_word_context
688,135,ar,نقف,نقف,3,4,ملِك ذهبت. مشهد معركة,pseudo_sentence_word_context
689,136,ar,الصفحات,الصفحات,0,1,قسم ويكيميديا مخلوق يضعط,pseudo_sentence_word_context
690,136,ar,الصفحات,الصفحات,1,2,قسم ويكيميديا مخلوق يضعط,pseudo_sentence_word_context
691,136,ar,قانون حقوق التأليف والنشر,قانون | حقوق | التأليف | والنشر,2,6,قسم ويكيميديا مخلوق يضعط,isolated_word_fallback_span_out_of_range
692,136,ar,نهاية,نهاية,6,7,قسم ويكيميديا مخلوق يضعط,isolated_word_fallback_span_out_of_range
693,137,ar,المعارض,المعارض,0,1,يوم امرأة,pseudo_sentence_word_context
694,137,ar,باقة,باقة,1,2,يوم امرأة,pseudo_sentence_word_context
695,138,ar,قرد,قرد,0,1,,isolated_word_fallback_span_out_of_range
696,139,ar,صورة سيلفي,صورة | سيلفي,0,2,مصور سو قرد,pseudo_sentence_word_context
697,139,ar,مبتسماً,مبتسماً,2,3,مصور سو قرد,pseudo_sentence_word_context
698,139,ar,جاد,جاد,3,4,مصور سو قرد,isolated_word_fallback_span_out_of_range
699,140,ar,عواء,عواء,0,1,متاح قرد مطالبة امرأة يجد,pseudo_sentence_word_context
700,140,ar,قرد,قرد,1,2,متاح قرد مطالبة امرأة يجد,pseudo_sentence_word_context
701,140,ar,صورة سيلفي,صورة | سيلفي,2,4,متاح قرد مطالبة امرأة يجد,pseudo_sentence_word_context
702,140,ar,وثيقة قانونية,وثيقة | قانونية,4,6,متاح قرد مطالبة امرأة يجد,isolated_word_fallback_span_out_of_range
703,140,ar,يضع,يضع,6,7,متاح قرد مطالبة امرأة يجد,isolated_word_fallback_span_out_of_range
704,141,ar,فضولي,فضولي,0,1,,isolated_word_fallback_span_out_of_range
705,142,ar,قرد,قرد,0,1,يجد ويكيبيديا سرقة مواجهة مواجهة حقيقة سو قرد,pseudo_sentence_word_context
706,142,ar,اسم,اسم,1,2,يجد ويكيبيديا سرقة مواجهة مواجهة حقيقة سو قرد,pseudo_sentence_word_context
707,142,ar,مطالبة,مطالبة,2,3,يجد ويكيبيديا سرقة مواجهة مواجهة حقيقة سو قرد,pseudo_sentence_word_context
708,142,ar,التالي,التالي,3,4,يجد ويكيبيديا سرقة مواجهة مواجهة حقيقة سو قرد,pseudo_sentence_word_context
709,142,ar,أصدقاء,أصدقاء,4,5,يجد ويكيبيديا سرقة مواجهة مواجهة حقيقة سو قرد,pseudo_sentence_word_context
710,142,ar,الناس,الناس,5,6,يجد ويكيبيديا سرقة مواجهة مواجهة حقيقة سو قرد,pseudo_sentence_word_context
711,142,ar,أخلاقي,أخلاقي,6,7,يجد ويكيبيديا سرقة مواجهة مواجهة حقيقة سو قرد,pseudo_sentence_word_context
712,142,ar,نسبة,نسبة,7,8,يجد ويكيبيديا سرقة مواجهة مواجهة حقيقة سو قرد,pseudo_sentence_word_context
713,143,ar,الحيوانات,الحيوانات,0,1,قرد صورة سيلفي صور مطالبة انتهاك حقوق النشر يساعد الناس أخلاقي نسبة الحيوانات,pseudo_sentence_word_context
714,143,ar,قضية,قضية,1,2,قرد صورة سيلفي صور مطالبة انتهاك حقوق النشر يساعد الناس أخلاقي نسبة الحيوانات,pseudo_sentence_word_context
715,143,ar,مُسَمًّى,مُسَمًّى,2,3,قرد صورة سيلفي صور مطالبة انتهاك حقوق النشر يساعد الناس أخلاقي نسبة الحيوانات,pseudo_sentence_word_context
716,143,ar,قرد المكاك,قرد | المكاك,3,5,قرد صورة سيلفي صور مطالبة انتهاك حقوق النشر يساعد الناس أخلاقي نسبة الحيوانات,pseudo_sentence_word_context
717,143,ar,التالي,التالي,5,6,قرد صورة سيلفي صور مطالبة انتهاك حقوق النشر يساعد الناس أخلاقي نسبة الحيوانات,pseudo_sentence_word_context
718,143,ar,أصدقاء,أصدقاء,6,7,قرد صورة سيلفي صور مطالبة انتهاك حقوق النشر يساعد الناس أخلاقي نسبة الحيوانات,pseudo_sentence_word_context
719,143,ar,الناس,الناس,7,8,قرد صورة سيلفي صور مطالبة انتهاك حقوق النشر يساعد الناس أخلاقي نسبة الحيوانات,pseudo_sentence_word_context
720,143,ar,أخلاقي,أخلاقي,8,9,قرد صورة سيلفي صور مطالبة انتهاك حقوق النشر يساعد الناس أخلاقي نسبة الحيوانات,pseudo_sentence_word_context
721,143,ar,نسبة,نسبة,9,10,قرد صورة سيلفي صور مطالبة انتهاك حقوق النشر يساعد الناس أخلاقي نسبة الحيوانات,pseudo_sentence_word_context
722,143,ar,الحيوانات,الحيوانات,10,11,قرد صورة سيلفي صور مطالبة انتهاك حقوق النشر يساعد الناس أخلاقي نسبة الحيوانات,pseudo_sentence_word_context
723,143,ar,شخصي,شخصي,11,12,قرد صورة سيلفي صور مطالبة انتهاك حقوق النشر يساعد الناس أخلاقي نسبة الحيوانات,pseudo_sentence_word_context
724,143,ar,قانوني,قانوني,12,13,قرد صورة سيلفي صور مطالبة انتهاك حقوق النشر يساعد الناس أخلاقي نسبة الحيوانات,pseudo_sentence_word_context
725,143,ar,لغة,لغة,13,14,قرد صورة سيلفي صور مطالبة انتهاك حقوق النشر يساعد الناس أخلاقي نسبة الحيوانات,isolated_word_fallback_span_out_of_range
726,144,ar,التالي,التالي,0,1,مُسَمًّى المحامون يقول,pseudo_sentence_word_context
727,144,ar,صديق,صديق,1,2,مُسَمًّى المحامون يقول,pseudo_sentence_word_context
728,144,ar,حالة,حالة,2,3,مُسَمًّى المحامون يقول,pseudo_sentence_word_context
729,145,ar,الوصي,الوصي,0,1,ينظر,pseudo_sentence_word_context
730,146,ar,يمثل,يمثل,0,1,يرى يحدث,pseudo_sentence_word_context
731,146,ar,محكمة,محكمة,1,2,يرى يحدث,pseudo_sentence_word_context
732,147,ar,التالي,التالي,0,1,يفعل,pseudo_sentence_word_context
733,148,ar,صديق,صديق,0,1,يقول الحمقى,pseudo_sentence_word_context
734,148,ar,منصة,منصة,1,2,يقول الحمقى,pseudo_sentence_word_context
735,149,ar,له,له,0,1,رخام,pseudo_sentence_word_context
736,150,ar,طفل,طفل,0,1,يقول يجلس,pseudo_sentence_word_context
737,150,ar,عاجز,عاجز,1,2,يقول يجلس,pseudo_sentence_word_context
738,151,ar,بالغ,بالغ,0,1,السماح يرى شعاع,pseudo_sentence_word_context
739,151,ar,يتحدث,يتحدث,1,2,السماح يرى شعاع,pseudo_sentence_word_context
740,151,ar,يمثل,يمثل,2,3,السماح يرى شعاع,pseudo_sentence_word_context
741,152,ar,يرى,يرى,0,1,يفعل يرد يعرف,pseudo_sentence_word_context
742,152,ar,نادِر,نادِر,1,2,يفعل يرد يعرف,pseudo_sentence_word_context
743,152,ar,بشر,بشر,2,3,يفعل يرد يعرف,pseudo_sentence_word_context
744,153,ar,قانون,قانون,0,1,هَم تم تقديمه أوراق,pseudo_sentence_word_context
745,153,ar,سمعة,سمعة,1,2,هَم تم تقديمه أوراق,pseudo_sentence_word_context
746,153,ar,معلم سياحي,معلم | سياحي,2,4,هَم تم تقديمه أوراق,pseudo_sentence_word_context
747,153,ar,حركات بهلوانية,حركات | بهلوانية,4,6,هَم تم تقديمه أوراق,isolated_word_fallback_span_out_of_range
748,154,ar,لجذب الانتباه,لجذب | الانتباه,0,2,السماح يرى شعاع,pseudo_sentence_word_context
749,154,ar,الموقف,الموقف,2,3,السماح يرى شعاع,pseudo_sentence_word_context
750,154,ar,الحيوانات,الحيوانات,3,4,السماح يرى شعاع,isolated_word_fallback_span_out_of_range
751,155,ar,رمي,رمي,0,1,,isolated_word_fallback_span_out_of_range
752,156,ar,حصان,حصان,0,1,تأمين ظهراً منزل,pseudo_sentence_word_context
753,156,ar,الرصيف,الرصيف,1,2,تأمين ظهراً منزل,pseudo_sentence_word_context
754,156,ar,غوردون,غوردون,2,3,تأمين ظهراً منزل,pseudo_sentence_word_context
755,157,ar,رمسيس,رمسيس,0,1,طرق باب,pseudo_sentence_word_context
756,157,ar,مطعم,مطعم,1,2,طرق باب,pseudo_sentence_word_context
757,158,ar,لندن,لندن,0,1,شخص أسود بدلة واقفاً الشرفة طريق,pseudo_sentence_word_context
758,158,ar,ضيف,ضيف,1,2,شخص أسود بدلة واقفاً الشرفة طريق,pseudo_sentence_word_context
759,158,ar,طبخ,طبخ,2,3,شخص أسود بدلة واقفاً الشرفة طريق,pseudo_sentence_word_context
760,158,ar,عرض,عرض,3,4,شخص أسود بدلة واقفاً الشرفة طريق,pseudo_sentence_word_context
761,158,ar,صنع,صنع,4,5,شخص أسود بدلة واقفاً الشرفة طريق,pseudo_sentence_word_context
762,158,ar,جرعة,جرعة,5,6,شخص أسود بدلة واقفاً الشرفة طريق,pseudo_sentence_word_context
763,159,ar,حصان,حصان,0,1,يفتح باب,pseudo_sentence_word_context
764,159,ar,لحمة,لحمة,1,2,يفتح باب,pseudo_sentence_word_context
765,160,ar,صنع,صنع,0,1,يحث كبير الحجم أبيض ظرف يُسلِّم,pseudo_sentence_word_context
766,160,ar,القصص المصورة,القصص | المصورة,1,3,يحث كبير الحجم أبيض ظرف يُسلِّم,pseudo_sentence_word_context
767,160,ar,مُسَمًّى,مُسَمًّى,3,4,يحث كبير الحجم أبيض ظرف يُسلِّم,pseudo_sentence_word_context
768,160,ar,يقتل,يقتل,4,5,يحث كبير الحجم أبيض ظرف يُسلِّم,pseudo_sentence_word_context
769,160,ar,الحيوانات,الحيوانات,5,6,يحث كبير الحجم أبيض ظرف يُسلِّم,pseudo_sentence_word_context
770,160,ar,رسالة,رسالة,6,7,يحث كبير الحجم أبيض ظرف يُسلِّم,isolated_word_fallback_span_out_of_range
771,161,ar,الأمومة,الأمومة,0,1,يقول أحد الوالدين يمر,pseudo_sentence_word_context
772,161,ar,الصلصة,الصلصة,1,2,يقول أحد الوالدين يمر,pseudo_sentence_word_context
773,161,ar,الفراء,الفراء,2,3,يقول أحد الوالدين يمر,pseudo_sentence_word_context
774,161,ar,السترات,السترات,3,4,يقول أحد الوالدين يمر,pseudo_sentence_word_context
775,162,ar,العروض,العروض,0,1,يقول,pseudo_sentence_word_context
776,163,ar,حملة انتخابية,حملة | انتخابية,0,2,يفتح أمام,pseudo_sentence_word_context
777,163,ar,يتغير,يتغير,2,3,يفتح أمام,isolated_word_fallback_span_out_of_range
778,164,ar,كلمة,كلمة,0,1,درس,pseudo_sentence_word_context
779,165,ar,سمكة,سمكة,0,1,يقول يفعل يعرف,pseudo_sentence_word_context
780,165,ar,بحر,بحر,1,2,يقول يفعل يعرف,pseudo_sentence_word_context
781,165,ar,القمامة,القمامة,2,3,يقول يفعل يعرف,pseudo_sentence_word_context
782,166,ar,الناس,الناس,0,1,يقول,pseudo_sentence_word_context
783,167,ar,شركاء,شركاء,0,1,يقول سو قرد,pseudo_sentence_word_context
784,167,ar,المأكولات البحرية,المأكولات | البحرية,1,3,يقول سو قرد,pseudo_sentence_word_context
785,167,ar,أَخَّاذ,أَخَّاذ,3,4,يقول سو قرد,isolated_word_fallback_span_out_of_range
786,168,ar,القطط,القطط,0,1,يعرض,pseudo_sentence_word_context
787,169,ar,قف,قف,0,1,بدأ يضحك,pseudo_sentence_word_context
788,169,ar,تناول الطعام,تناول | الطعام,1,3,بدأ يضحك,isolated_word_fallback_span_out_of_range
789,170,ar,سمكة,سمكة,0,1,يتحدث سبب,pseudo_sentence_word_context
790,170,ar,متوسط,متوسط,1,2,يتحدث سبب,pseudo_sentence_word_context
791,171,ar,عام,عام,0,1,محلي محلي صلب طريق,pseudo_sentence_word_context
792,171,ar,محامي,محامي,1,2,محلي محلي صلب طريق,pseudo_sentence_word_context
793,171,ar,يقول,يقول,2,3,محلي محلي صلب طريق,pseudo_sentence_word_context
794,171,ar,قرد,قرد,3,4,محلي محلي صلب طريق,pseudo_sentence_word_context
795,172,ar,صورة سيلفي,صورة | سيلفي,0,2,مسافر سعيد طريق,pseudo_sentence_word_context
796,172,ar,قضية,قضية,2,3,مسافر سعيد طريق,pseudo_sentence_word_context
797,172,ar,حركات بهلوانية,حركات | بهلوانية,3,5,مسافر سعيد طريق,isolated_word_fallback_span_out_of_range
798,173,ar,مخصص,مخصص,0,1,يقرأ شكوى,pseudo_sentence_word_context
799,173,ar,قرد,قرد,1,2,يقرأ شكوى,pseudo_sentence_word_context
800,174,ar,صورة سيلفي,صورة | سيلفي,0,2,غريب,isolated_word_fallback_span_out_of_range
801,175,ar,قسم,قسم,0,1,نقف الصفحات الصفحات قانون حقوق التأليف والنشر,pseudo_sentence_word_context
802,175,ar,ويكيميديا,ويكيميديا,1,2,نقف الصفحات الصفحات قانون حقوق التأليف والنشر,pseudo_sentence_word_context
803,175,ar,عكس,عكس,2,3,نقف الصفحات الصفحات قانون حقوق التأليف والنشر,pseudo_sentence_word_context
804,175,ar,أخبار,أخبار,3,4,نقف الصفحات الصفحات قانون حقوق التأليف والنشر,pseudo_sentence_word_context
805,175,ar,منظر جمالي,منظر | جمالي,4,6,نقف الصفحات الصفحات قانون حقوق التأليف والنشر,pseudo_sentence_word_context
806,175,ar,مخلوق,مخلوق,6,7,نقف الصفحات الصفحات قانون حقوق التأليف والنشر,pseudo_sentence_word_context
807,175,ar,مخلوق,مخلوق,7,8,نقف الصفحات الصفحات قانون حقوق التأليف والنشر,isolated_word_fallback_span_out_of_range
808,176,ar,تصوير,تصوير,0,1,نهاية المعارض باقة قرد صورة سيلفي مبتسماً جاد عواء قرد صورة سيلفي وثيقة قانونية يضع فضولي,pseudo_sentence_word_context
809,176,ar,له,له,1,2,نهاية المعارض باقة قرد صورة سيلفي مبتسماً جاد عواء قرد صورة سيلفي وثيقة قانونية يضع فضولي,pseudo_sentence_word_context
810,176,ar,حقوق الطبع والنشر,حقوق | الطبع | والنشر,2,5,نهاية المعارض باقة قرد صورة سيلفي مبتسماً جاد عواء قرد صورة سيلفي وثيقة قانونية يضع فضولي,pseudo_sentence_word_context
811,176,ar,مخصص,مخصص,5,6,نهاية المعارض باقة قرد صورة سيلفي مبتسماً جاد عواء قرد صورة سيلفي وثيقة قانونية يضع فضولي,pseudo_sentence_word_context
812,176,ar,قسم,قسم,6,7,نهاية المعارض باقة قرد صورة سيلفي مبتسماً جاد عواء قرد صورة سيلفي وثيقة قانونية يضع فضولي,pseudo_sentence_word_context
813,176,ar,مصور,مصور,7,8,نهاية المعارض باقة قرد صورة سيلفي مبتسماً جاد عواء قرد صورة سيلفي وثيقة قانونية يضع فضولي,pseudo_sentence_word_context
814,176,ar,يريد,يريد,8,9,نهاية المعارض باقة قرد صورة سيلفي مبتسماً جاد عواء قرد صورة سيلفي وثيقة قانونية يضع فضولي,pseudo_sentence_word_context
815,176,ar,مقاضاة,مقاضاة,9,10,نهاية المعارض باقة قرد صورة سيلفي مبتسماً جاد عواء قرد صورة سيلفي وثيقة قانونية يضع فضولي,pseudo_sentence_word_context
816,176,ar,ويكيميديا,ويكيميديا,10,11,نهاية المعارض باقة قرد صورة سيلفي مبتسماً جاد عواء قرد صورة سيلفي وثيقة قانونية يضع فضولي,pseudo_sentence_word_context
817,176,ar,ويكيميديا,ويكيميديا,11,12,نهاية المعارض باقة قرد صورة سيلفي مبتسماً جاد عواء قرد صورة سيلفي وثيقة قانونية يضع فضولي,pseudo_sentence_word_context
818,176,ar,تحميل,تحميل,12,13,نهاية المعارض باقة قرد صورة سيلفي مبتسماً جاد عواء قرد صورة سيلفي وثيقة قانونية يضع فضولي,pseudo_sentence_word_context
819,176,ar,تصوير,تصوير,13,14,نهاية المعارض باقة قرد صورة سيلفي مبتسماً جاد عواء قرد صورة سيلفي وثيقة قانونية يضع فضولي,pseudo_sentence_word_context
820,176,ar,الملكية العامة,الملكية | العامة,14,16,نهاية المعارض باقة قرد صورة سيلفي مبتسماً جاد عواء قرد صورة سيلفي وثيقة قانونية يضع فضولي,pseudo_sentence_word_context
821,176,ar,واقفاً,واقفاً,16,17,نهاية المعارض باقة قرد صورة سيلفي مبتسماً جاد عواء قرد صورة سيلفي وثيقة قانونية يضع فضولي,isolated_word_fallback_span_out_of_range
822,176,ar,قرد,قرد,17,18,نهاية المعارض باقة قرد صورة سيلفي مبتسماً جاد عواء قرد صورة سيلفي وثيقة قانونية يضع فضولي,isolated_word_fallback_span_out_of_range
823,176,ar,قانون,قانون,18,19,نهاية المعارض باقة قرد صورة سيلفي مبتسماً جاد عواء قرد صورة سيلفي وثيقة قانونية يضع فضولي,isolated_word_fallback_span_out_of_range
824,177,ar,مطالبة,مطالبة,0,1,قرد اسم مطالبة التالي أصدقاء الناس أخلاقي نسبة الحيوانات,pseudo_sentence_word_context
825,177,ar,إخلاء,إخلاء,1,2,قرد اسم مطالبة التالي أصدقاء الناس أخلاقي نسبة الحيوانات,pseudo_sentence_word_context
826,177,ar,شعاع,شعاع,2,3,قرد اسم مطالبة التالي أصدقاء الناس أخلاقي نسبة الحيوانات,pseudo_sentence_word_context
827,177,ar,وُلِدّ,وُلِدّ,3,4,قرد اسم مطالبة التالي أصدقاء الناس أخلاقي نسبة الحيوانات,pseudo_sentence_word_context
828,177,ar,بشر,بشر,4,5,قرد اسم مطالبة التالي أصدقاء الناس أخلاقي نسبة الحيوانات,pseudo_sentence_word_context
829,177,ar,قرد,قرد,5,6,قرد اسم مطالبة التالي أصدقاء الناس أخلاقي نسبة الحيوانات,pseudo_sentence_word_context
830,177,ar,لم أكن أعتقد,لم | أكن | أعتقد,6,9,قرد اسم مطالبة التالي أصدقاء الناس أخلاقي نسبة الحيوانات,pseudo_sentence_word_context
831,177,ar,كبير,كبير,9,10,قرد اسم مطالبة التالي أصدقاء الناس أخلاقي نسبة الحيوانات,isolated_word_fallback_span_out_of_range
832,177,ar,آلة تصوير,آلة | تصوير,10,12,قرد اسم مطالبة التالي أصدقاء الناس أخلاقي نسبة الحيوانات,isolated_word_fallback_span_out_of_range
833,178,ar,الأيدي,الأيدي,0,1,قضية مُسَمًّى قرد المكاك التالي أصدقاء الناس أخلاقي نسبة الحيوانات شخصي,pseudo_sentence_word_context
834,178,ar,ذاهب,ذاهب,1,2,قضية مُسَمًّى قرد المكاك التالي أصدقاء الناس أخلاقي نسبة الحيوانات شخصي,pseudo_sentence_word_context
835,178,ar,تصوير,تصوير,2,3,قضية مُسَمًّى قرد المكاك التالي أصدقاء الناس أخلاقي نسبة الحيوانات شخصي,pseudo_sentence_word_context
836,178,ar,زوج,زوج,3,4,قضية مُسَمًّى قرد المكاك التالي أصدقاء الناس أخلاقي نسبة الحيوانات شخصي,pseudo_sentence_word_context
837,178,ar,إطارات,إطارات,4,5,قضية مُسَمًّى قرد المكاك التالي أصدقاء الناس أخلاقي نسبة الحيوانات شخصي,pseudo_sentence_word_context
838,178,ar,تحديث,تحديث,5,6,قضية مُسَمًّى قرد المكاك التالي أصدقاء الناس أخلاقي نسبة الحيوانات شخصي,pseudo_sentence_word_context
839,178,ar,حساب تعريفي,حساب | تعريفي,6,8,قضية مُسَمًّى قرد المكاك التالي أصدقاء الناس أخلاقي نسبة الحيوانات شخصي,pseudo_sentence_word_context
840,178,ar,يعرف,يعرف,8,9,قضية مُسَمًّى قرد المكاك التالي أصدقاء الناس أخلاقي نسبة الحيوانات شخصي,pseudo_sentence_word_context
841,178,ar,القرود,القرود,9,10,قضية مُسَمًّى قرد المكاك التالي أصدقاء الناس أخلاقي نسبة الحيوانات شخصي,pseudo_sentence_word_context
842,178,ar,التفكير,التفكير,10,11,قضية مُسَمًّى قرد المكاك التالي أصدقاء الناس أخلاقي نسبة الحيوانات شخصي,pseudo_sentence_word_context
843,178,ar,أخذ,أخذ,11,12,قضية مُسَمًّى قرد المكاك التالي أصدقاء الناس أخلاقي نسبة الحيوانات شخصي,isolated_word_fallback_span_out_of_range
844,179,ar,تصوير,تصوير,0,1,قانوني لغة التالي صديق حالة الوصي,pseudo_sentence_word_context
845,179,ar,ملتزم,ملتزم,1,2,قانوني لغة التالي صديق حالة الوصي,pseudo_sentence_word_context
846,179,ar,قانون حقوق التأليف والنشر,قانون | حقوق | التأليف | والنشر,2,6,قانوني لغة التالي صديق حالة الوصي,pseudo_sentence_word_context
847,179,ar,ملتزم,ملتزم,6,7,قانوني لغة التالي صديق حالة الوصي,isolated_word_fallback_span_out_of_range
848,179,ar,قانون حقوق التأليف والنشر,قانون | حقوق | التأليف | والنشر,7,11,قانوني لغة التالي صديق حالة الوصي,isolated_word_fallback_span_out_of_range
849,179,ar,مزود,مزود,11,12,قانوني لغة التالي صديق حالة الوصي,isolated_word_fallback_span_out_of_range
850,180,ar,مؤلف,مؤلف,0,1,يمثل محكمة التالي صديق منصة,pseudo_sentence_word_context
851,180,ar,الخالق,الخالق,1,2,يمثل محكمة التالي صديق منصة,pseudo_sentence_word_context
852,180,ar,صورة,صورة,2,3,يمثل محكمة التالي صديق منصة,pseudo_sentence_word_context
853,180,ar,مستحق,مستحق,3,4,يمثل محكمة التالي صديق منصة,pseudo_sentence_word_context
854,180,ar,له,له,4,5,يمثل محكمة التالي صديق منصة,pseudo_sentence_word_context
855,181,ar,لا,لا,0,1,له طفل عاجز بالغ يتحدث يمثل,pseudo_sentence_word_context
856,181,ar,يقول,يقول,1,2,له طفل عاجز بالغ يتحدث يمثل,pseudo_sentence_word_context
857,181,ar,مؤلف,مؤلف,2,3,له طفل عاجز بالغ يتحدث يمثل,pseudo_sentence_word_context
858,181,ar,يعرف,يعرف,3,4,له طفل عاجز بالغ يتحدث يمثل,pseudo_sentence_word_context
859,181,ar,تحضير,تحضير,4,5,له طفل عاجز بالغ يتحدث يمثل,pseudo_sentence_word_context
860,181,ar,تصوير,تصوير,5,6,له طفل عاجز بالغ يتحدث يمثل,pseudo_sentence_word_context
861,182,ar,يعطي,يعطي,0,1,يرى,pseudo_sentence_word_context
862,183,ar,آلة تصوير,آلة | تصوير,0,2,نادِر بشر قانون,pseudo_sentence_word_context
863,183,ar,يسأل,يسأل,2,3,نادِر بشر قانون,pseudo_sentence_word_context
864,183,ar,تصوير,تصوير,3,4,نادِر بشر قانون,isolated_word_fallback_span_out_of_range
865,184,ar,تصوير,تصوير,0,1,سمعة معلم سياحي حركات بهلوانية لجذب الانتباه الموقف الحيوانات,pseudo_sentence_word_context
866,184,ar,تنظم,تنظم,1,2,سمعة معلم سياحي حركات بهلوانية لجذب الانتباه الموقف الحيوانات,pseudo_sentence_word_context
867,184,ar,تصوير,تصوير,2,3,سمعة معلم سياحي حركات بهلوانية لجذب الانتباه الموقف الحيوانات,pseudo_sentence_word_context
868,184,ar,تصوير,تصوير,3,4,سمعة معلم سياحي حركات بهلوانية لجذب الانتباه الموقف الحيوانات,pseudo_sentence_word_context
869,184,ar,ظروف,ظروف,4,5,سمعة معلم سياحي حركات بهلوانية لجذب الانتباه الموقف الحيوانات,pseudo_sentence_word_context
870,184,ar,له,له,5,6,سمعة معلم سياحي حركات بهلوانية لجذب الانتباه الموقف الحيوانات,pseudo_sentence_word_context
871,184,ar,حقوق الطبع والنشر,حقوق | الطبع | والنشر,6,9,سمعة معلم سياحي حركات بهلوانية لجذب الانتباه الموقف الحيوانات,pseudo_sentence_word_context
872,184,ar,فرنسي,فرنسي,9,10,سمعة معلم سياحي حركات بهلوانية لجذب الانتباه الموقف الحيوانات,isolated_word_fallback_span_out_of_range
873,184,ar,السياح,السياح,10,11,سمعة معلم سياحي حركات بهلوانية لجذب الانتباه الموقف الحيوانات,isolated_word_fallback_span_out_of_range
874,185,ar,يجب,يجب,0,1,رمي حصان الرصيف غوردون رمسيس مطعم لندن ضيف طبخ عرض صنع جرعة حصان لحمة,pseudo_sentence_word_context
875,185,ar,مقاضاة,مقاضاة,1,2,رمي حصان الرصيف غوردون رمسيس مطعم لندن ضيف طبخ عرض صنع جرعة حصان لحمة,pseudo_sentence_word_context
876,185,ar,منظمة,منظمة,2,3,رمي حصان الرصيف غوردون رمسيس مطعم لندن ضيف طبخ عرض صنع جرعة حصان لحمة,pseudo_sentence_word_context
877,185,ar,قضية,قضية,3,4,رمي حصان الرصيف غوردون رمسيس مطعم لندن ضيف طبخ عرض صنع جرعة حصان لحمة,pseudo_sentence_word_context
878,185,ar,مسموع,مسموع,4,5,رمي حصان الرصيف غوردون رمسيس مطعم لندن ضيف طبخ عرض صنع جرعة حصان لحمة,pseudo_sentence_word_context
879,185,ar,المحكمة الفيدرالية,المحكمة | الفيدرالية,5,7,رمي حصان الرصيف غوردون رمسيس مطعم لندن ضيف طبخ عرض صنع جرعة حصان لحمة,pseudo_sentence_word_context
880,185,ar,سان فرانسيسكو,سان | فرانسيسكو,7,9,رمي حصان الرصيف غوردون رمسيس مطعم لندن ضيف طبخ عرض صنع جرعة حصان لحمة,pseudo_sentence_word_context
881,185,ar,تكلم,تكلم,9,10,رمي حصان الرصيف غوردون رمسيس مطعم لندن ضيف طبخ عرض صنع جرعة حصان لحمة,pseudo_sentence_word_context
882,185,ar,المحامون,المحامون,10,11,رمي حصان الرصيف غوردون رمسيس مطعم لندن ضيف طبخ عرض صنع جرعة حصان لحمة,pseudo_sentence_word_context
883,185,ar,إنجلترا,إنجلترا,11,12,رمي حصان الرصيف غوردون رمسيس مطعم لندن ضيف طبخ عرض صنع جرعة حصان لحمة,pseudo_sentence_word_context
884,185,ar,قال,قال,12,13,رمي حصان الرصيف غوردون رمسيس مطعم لندن ضيف طبخ عرض صنع جرعة حصان لحمة,pseudo_sentence_word_context
885,185,ar,ضروري,ضروري,13,14,رمي حصان الرصيف غوردون رمسيس مطعم لندن ضيف طبخ عرض صنع جرعة حصان لحمة,pseudo_sentence_word_context
886,185,ar,إيجار,إيجار,14,15,رمي حصان الرصيف غوردون رمسيس مطعم لندن ضيف طبخ عرض صنع جرعة حصان لحمة,isolated_word_fallback_span_out_of_range
887,185,ar,محامي,محامي,15,16,رمي حصان الرصيف غوردون رمسيس مطعم لندن ضيف طبخ عرض صنع جرعة حصان لحمة,isolated_word_fallback_span_out_of_range
888,186,ar,كفاح,كفاح,0,1,صنع القصص المصورة مُسَمًّى يقتل الحيوانات رسالة الأمومة الصلصة الفراء السترات العروض,pseudo_sentence_word_context
889,186,ar,مُستَحسَن,مُستَحسَن,1,2,صنع القصص المصورة مُسَمًّى يقتل الحيوانات رسالة الأمومة الصلصة الفراء السترات العروض,pseudo_sentence_word_context
890,186,ar,يتصل,يتصل,2,3,صنع القصص المصورة مُسَمًّى يقتل الحيوانات رسالة الأمومة الصلصة الفراء السترات العروض,pseudo_sentence_word_context
891,186,ar,المحامون,المحامون,3,4,صنع القصص المصورة مُسَمًّى يقتل الحيوانات رسالة الأمومة الصلصة الفراء السترات العروض,pseudo_sentence_word_context
892,186,ar,يحتاج,يحتاج,4,5,صنع القصص المصورة مُسَمًّى يقتل الحيوانات رسالة الأمومة الصلصة الفراء السترات العروض,pseudo_sentence_word_context
893,186,ar,فعل,فعل,5,6,صنع القصص المصورة مُسَمًّى يقتل الحيوانات رسالة الأمومة الصلصة الفراء السترات العروض,pseudo_sentence_word_context
894,186,ar,يحتاج,يحتاج,6,7,صنع القصص المصورة مُسَمًّى يقتل الحيوانات رسالة الأمومة الصلصة الفراء السترات العروض,pseudo_sentence_word_context
895,186,ar,يتبع,يتبع,7,8,صنع القصص المصورة مُسَمًّى يقتل الحيوانات رسالة الأمومة الصلصة الفراء السترات العروض,pseudo_sentence_word_context
896,186,ar,فرصة,فرصة,8,9,صنع القصص المصورة مُسَمًّى يقتل الحيوانات رسالة الأمومة الصلصة الفراء السترات العروض,pseudo_sentence_word_context
897,186,ar,فرصة,فرصة,9,10,صنع القصص المصورة مُسَمًّى يقتل الحيوانات رسالة الأمومة الصلصة الفراء السترات العروض,pseudo_sentence_word_context
898,186,ar,ذاهب,ذاهب,10,11,صنع القصص المصورة مُسَمًّى يقتل الحيوانات رسالة الأمومة الصلصة الفراء السترات العروض,pseudo_sentence_word_context
899,186,ar,القرود,القرود,11,12,صنع القصص المصورة مُسَمًّى يقتل الحيوانات رسالة الأمومة الصلصة الفراء السترات العروض,pseudo_sentence_word_context
900,187,ar,طريق,طريق,0,1,حملة انتخابية يتغير كلمة سمكة بحر القمامة الناس شركاء المأكولات البحرية أَخَّاذ القطط قف تناول الطعام سمكة متوسط,pseudo_sentence_word_context
901,187,ar,لا,لا,1,2,حملة انتخابية يتغير كلمة سمكة بحر القمامة الناس شركاء المأكولات البحرية أَخَّاذ القطط قف تناول الطعام سمكة متوسط,pseudo_sentence_word_context
902,187,ar,تحدي,تحدي,2,3,حملة انتخابية يتغير كلمة سمكة بحر القمامة الناس شركاء المأكولات البحرية أَخَّاذ القطط قف تناول الطعام سمكة متوسط,pseudo_sentence_word_context
903,187,ar,قرد,قرد,3,4,حملة انتخابية يتغير كلمة سمكة بحر القمامة الناس شركاء المأكولات البحرية أَخَّاذ القطط قف تناول الطعام سمكة متوسط,pseudo_sentence_word_context
904,187,ar,يفوز,يفوز,4,5,حملة انتخابية يتغير كلمة سمكة بحر القمامة الناس شركاء المأكولات البحرية أَخَّاذ القطط قف تناول الطعام سمكة متوسط,pseudo_sentence_word_context
905,187,ar,محكمة,محكمة,5,6,حملة انتخابية يتغير كلمة سمكة بحر القمامة الناس شركاء المأكولات البحرية أَخَّاذ القطط قف تناول الطعام سمكة متوسط,pseudo_sentence_word_context
906,187,ar,كاليفورنيا,كاليفورنيا,6,7,حملة انتخابية يتغير كلمة سمكة بحر القمامة الناس شركاء المأكولات البحرية أَخَّاذ القطط قف تناول الطعام سمكة متوسط,pseudo_sentence_word_context
907,187,ar,رأي,رأي,7,8,حملة انتخابية يتغير كلمة سمكة بحر القمامة الناس شركاء المأكولات البحرية أَخَّاذ القطط قف تناول الطعام سمكة متوسط,pseudo_sentence_word_context
908,187,ar,يحدث,يحدث,8,9,حملة انتخابية يتغير كلمة سمكة بحر القمامة الناس شركاء المأكولات البحرية أَخَّاذ القطط قف تناول الطعام سمكة متوسط,pseudo_sentence_word_context
909,187,ar,لا أعرف.,لا | أعرف,9,11,حملة انتخابية يتغير كلمة سمكة بحر القمامة الناس شركاء المأكولات البحرية أَخَّاذ القطط قف تناول الطعام سمكة متوسط,pseudo_sentence_word_context
910,187,ar,يمين,يمين,11,12,حملة انتخابية يتغير كلمة سمكة بحر القمامة الناس شركاء المأكولات البحرية أَخَّاذ القطط قف تناول الطعام سمكة متوسط,pseudo_sentence_word_context
911,187,ar,قال,قال,12,13,حملة انتخابية يتغير كلمة سمكة بحر القمامة الناس شركاء المأكولات البحرية أَخَّاذ القطط قف تناول الطعام سمكة متوسط,pseudo_sentence_word_context
912,187,ar,يأخذ,يأخذ,13,14,حملة انتخابية يتغير كلمة سمكة بحر القمامة الناس شركاء المأكولات البحرية أَخَّاذ القطط قف تناول الطعام سمكة متوسط,pseudo_sentence_word_context
913,187,ar,مخاطرة,مخاطرة,14,15,حملة انتخابية يتغير كلمة سمكة بحر القمامة الناس شركاء المأكولات البحرية أَخَّاذ القطط قف تناول الطعام سمكة متوسط,pseudo_sentence_word_context
914,187,ar,كاليفورنيا,كاليفورنيا,15,16,حملة انتخابية يتغير كلمة سمكة بحر القمامة الناس شركاء المأكولات البحرية أَخَّاذ القطط قف تناول الطعام سمكة متوسط,pseudo_sentence_word_context
915,187,ar,بالطبع,بالطبع,16,17,حملة انتخابية يتغير كلمة سمكة بحر القمامة الناس شركاء المأكولات البحرية أَخَّاذ القطط قف تناول الطعام سمكة متوسط,pseudo_sentence_word_context
916,187,ar,يمين,يمين,17,18,حملة انتخابية يتغير كلمة سمكة بحر القمامة الناس شركاء المأكولات البحرية أَخَّاذ القطط قف تناول الطعام سمكة متوسط,pseudo_sentence_word_context
917,187,ar,الأجر,الأجر,18,19,حملة انتخابية يتغير كلمة سمكة بحر القمامة الناس شركاء المأكولات البحرية أَخَّاذ القطط قف تناول الطعام سمكة متوسط,isolated_word_fallback_span_out_of_range
918,188,ar,يمثل,يمثل,0,1,عام محامي يقول قرد صورة سيلفي قضية حركات بهلوانية,pseudo_sentence_word_context
919,188,ar,يفعل,يفعل,1,2,عام محامي يقول قرد صورة سيلفي قضية حركات بهلوانية,pseudo_sentence_word_context
920,188,ar,يتذكر,يتذكر,2,3,عام محامي يقول قرد صورة سيلفي قضية حركات بهلوانية,pseudo_sentence_word_context
921,188,ar,مسموع,مسموع,3,4,عام محامي يقول قرد صورة سيلفي قضية حركات بهلوانية,pseudo_sentence_word_context
922,188,ar,قضية,قضية,4,5,عام محامي يقول قرد صورة سيلفي قضية حركات بهلوانية,pseudo_sentence_word_context
923,188,ar,يتصل,يتصل,5,6,عام محامي يقول قرد صورة سيلفي قضية حركات بهلوانية,pseudo_sentence_word_context
924,188,ar,مسموع,مسموع,6,7,عام محامي يقول قرد صورة سيلفي قضية حركات بهلوانية,pseudo_sentence_word_context
925,188,ar,يقرأ,يقرأ,7,8,عام محامي يقول قرد صورة سيلفي قضية حركات بهلوانية,pseudo_sentence_word_context
926,188,ar,لا تفعل ذلك.,لا | تفعل | ذلك,8,11,عام محامي يقول قرد صورة سيلفي قضية حركات بهلوانية,isolated_word_fallback_span_out_of_range
927,189,ar,يتذكر,يتذكر,0,1,مخصص قرد صورة سيلفي قسم ويكيميديا عكس أخبار,pseudo_sentence_word_context
928,189,ar,يقرأ,يقرأ,1,2,مخصص قرد صورة سيلفي قسم ويكيميديا عكس أخبار,pseudo_sentence_word_context
929,189,ar,متحمس,متحمس,2,3,مخصص قرد صورة سيلفي قسم ويكيميديا عكس أخبار,pseudo_sentence_word_context
930,189,ar,مخصص,مخصص,3,4,مخصص قرد صورة سيلفي قسم ويكيميديا عكس أخبار,pseudo_sentence_word_context
931,189,ar,تم تقديم الطلب,تم | تقديم | الطلب,4,7,مخصص قرد صورة سيلفي قسم ويكيميديا عكس أخبار,pseudo_sentence_word_context
932,189,ar,سان فرانسيسكو,سان | فرانسيسكو,7,9,مخصص قرد صورة سيلفي قسم ويكيميديا عكس أخبار,isolated_word_fallback_span_out_of_range
933,189,ar,المحكمة الفيدرالية,المحكمة | الفيدرالية,9,11,مخصص قرد صورة سيلفي قسم ويكيميديا عكس أخبار,isolated_word_fallback_span_out_of_range
934,189,ar,سبب,سبب,11,12,مخصص قرد صورة سيلفي قسم ويكيميديا عكس أخبار,isolated_word_fallback_span_out_of_range
935,190,ar,بيركلي,بيركلي,0,1,منظر جمالي مخلوق مخلوق تصوير له حقوق الطبع والنشر,pseudo_sentence_word_context
936,190,ar,ظننت,ظننت,1,2,منظر جمالي مخلوق مخلوق تصوير له حقوق الطبع والنشر,pseudo_sentence_word_context
937,190,ar,ممتاز,ممتاز,2,3,منظر جمالي مخلوق مخلوق تصوير له حقوق الطبع والنشر,pseudo_sentence_word_context
938,190,ar,قضية,قضية,3,4,منظر جمالي مخلوق مخلوق تصوير له حقوق الطبع والنشر,pseudo_sentence_word_context
939,190,ar,الملكية الفكرية,الملكية | الفكرية,4,6,منظر جمالي مخلوق مخلوق تصوير له حقوق الطبع والنشر,pseudo_sentence_word_context
940,190,ar,محامي,محامي,6,7,منظر جمالي مخلوق مخلوق تصوير له حقوق الطبع والنشر,pseudo_sentence_word_context
941,190,ar,وظائف,وظائف,7,8,منظر جمالي مخلوق مخلوق تصوير له حقوق الطبع والنشر,pseudo_sentence_word_context
942,190,ar,يقرأ,يقرأ,8,9,منظر جمالي مخلوق مخلوق تصوير له حقوق الطبع والنشر,pseudo_sentence_word_context
943,190,ar,قضية,قضية,9,10,منظر جمالي مخلوق مخلوق تصوير له حقوق الطبع والنشر,isolated_word_fallback_span_out_of_range
944,191,ar,وصل,وصل,0,1,مخصص قسم مصور يريد مقاضاة ويكيميديا ويكيميديا تحميل تصوير الملكية العامة,pseudo_sentence_word_context
945,191,ar,بسأل,بسأل,1,2,مخصص قسم مصور يريد مقاضاة ويكيميديا ويكيميديا تحميل تصوير الملكية العامة,pseudo_sentence_word_context
946,191,ar,يأخذ,يأخذ,2,3,مخصص قسم مصور يريد مقاضاة ويكيميديا ويكيميديا تحميل تصوير الملكية العامة,pseudo_sentence_word_context
947,191,ar,يفكر,يفكر,3,4,مخصص قسم مصور يريد مقاضاة ويكيميديا ويكيميديا تحميل تصوير الملكية العامة,pseudo_sentence_word_context
948,191,ar,ممتاز,ممتاز,4,5,مخصص قسم مصور يريد مقاضاة ويكيميديا ويكيميديا تحميل تصوير الملكية العامة,pseudo_sentence_word_context
949,191,ar,قضية,قضية,5,6,مخصص قسم مصور يريد مقاضاة ويكيميديا ويكيميديا تحميل تصوير الملكية العامة,pseudo_sentence_word_context
950,191,ar,التفكير,التفكير,6,7,مخصص قسم مصور يريد مقاضاة ويكيميديا ويكيميديا تحميل تصوير الملكية العامة,pseudo_sentence_word_context
951,191,ar,معرفة,معرفة,7,8,مخصص قسم مصور يريد مقاضاة ويكيميديا ويكيميديا تحميل تصوير الملكية العامة,pseudo_sentence_word_context
952,191,ar,قضية,قضية,8,9,مخصص قسم مصور يريد مقاضاة ويكيميديا ويكيميديا تحميل تصوير الملكية العامة,pseudo_sentence_word_context
953,191,ar,معرفة,معرفة,9,10,مخصص قسم مصور يريد مقاضاة ويكيميديا ويكيميديا تحميل تصوير الملكية العامة,pseudo_sentence_word_context
954,191,ar,تحضير,تحضير,10,11,مخصص قسم مصور يريد مقاضاة ويكيميديا ويكيميديا تحميل تصوير الملكية العامة,pseudo_sentence_word_context
955,192,ar,قرد,قرد,0,1,واقفاً قرد,pseudo_sentence_word_context
956,192,ar,ألعاب الكلمات,ألعاب | الكلمات,1,3,واقفاً قرد,isolated_word_fallback_span_out_of_range
957,193,ar,أشياء,أشياء,0,1,قانون,pseudo_sentence_word_context
958,194,ar,معتقد,معتقد,0,1,مطالبة إخلاء شعاع وُلِدّ بشر,pseudo_sentence_word_context
959,194,ar,لا أعرف.,لا | أعرف,1,3,مطالبة إخلاء شعاع وُلِدّ بشر,pseudo_sentence_word_context
960,194,ar,يرى,يرى,3,4,مطالبة إخلاء شعاع وُلِدّ بشر,pseudo_sentence_word_context
961,194,ar,لينكد إن,لينكد | إن,4,6,مطالبة إخلاء شعاع وُلِدّ بشر,isolated_word_fallback_span_out_of_range
962,194,ar,حساب تعريفي,حساب | تعريفي,6,8,مطالبة إخلاء شعاع وُلِدّ بشر,isolated_word_fallback_span_out_of_range
963,195,ar,تشيبينديلز,تشيبينديلز,0,1,قرد لم أكن أعتقد كبير,pseudo_sentence_word_context
964,195,ar,زيّ,زيّ,1,2,قرد لم أكن أعتقد كبير,pseudo_sentence_word_context
965,195,ar,لينكد إن,لينكد | إن,2,4,قرد لم أكن أعتقد كبير,pseudo_sentence_word_context
966,195,ar,صورة,صورة,4,5,قرد لم أكن أعتقد كبير,pseudo_sentence_word_context
967,195,ar,يختار,يختار,5,6,قرد لم أكن أعتقد كبير,isolated_word_fallback_span_out_of_range
968,196,ar,ركلة,ركلة,0,1,آلة تصوير الأيدي,pseudo_sentence_word_context
969,196,ar,الصلصة,الصلصة,1,2,آلة تصوير الأيدي,pseudo_sentence_word_context
970,196,ar,نظارات,نظارات,2,3,آلة تصوير الأيدي,pseudo_sentence_word_context
971,197,ar,قوس,قوس,0,1,ذاهب تصوير زوج إطارات تحديث حساب تعريفي يعرف,pseudo_sentence_word_context
972,197,ar,رَابِطَة,رَابِطَة,1,2,ذاهب تصوير زوج إطارات تحديث حساب تعريفي يعرف,pseudo_sentence_word_context
973,197,ar,سنين,سنين,2,3,ذاهب تصوير زوج إطارات تحديث حساب تعريفي يعرف,pseudo_sentence_word_context
974,197,ar,المتدرب,المتدرب,3,4,ذاهب تصوير زوج إطارات تحديث حساب تعريفي يعرف,pseudo_sentence_word_context
975,197,ar,سنين,سنين,4,5,ذاهب تصوير زوج إطارات تحديث حساب تعريفي يعرف,pseudo_sentence_word_context
976,197,ar,قادر,قادر,5,6,ذاهب تصوير زوج إطارات تحديث حساب تعريفي يعرف,pseudo_sentence_word_context
977,197,ar,تم تقديم الطلب,تم | تقديم | الطلب,6,9,ذاهب تصوير زوج إطارات تحديث حساب تعريفي يعرف,isolated_word_fallback_span_out_of_range
978,197,ar,محكمة,محكمة,9,10,ذاهب تصوير زوج إطارات تحديث حساب تعريفي يعرف,isolated_word_fallback_span_out_of_range
979,198,ar,قضية,قضية,0,1,القرود التفكير أخذ تصوير,pseudo_sentence_word_context
980,198,ar,يقول,يقول,1,2,القرود التفكير أخذ تصوير,pseudo_sentence_word_context
981,198,ar,حقيقي,حقيقي,2,3,القرود التفكير أخذ تصوير,pseudo_sentence_word_context
982,198,ar,الملكية الفكرية,الملكية | الفكرية,3,5,القرود التفكير أخذ تصوير,isolated_word_fallback_span_out_of_range
983,199,ar,محامي,محامي,0,1,ملتزم قانون حقوق التأليف والنشر,pseudo_sentence_word_context
984,199,ar,محمي,محمي,1,2,ملتزم قانون حقوق التأليف والنشر,pseudo_sentence_word_context
985,199,ar,لعبة,لعبة,2,3,ملتزم قانون حقوق التأليف والنشر,pseudo_sentence_word_context
986,199,ar,شركة,شركة,3,4,ملتزم قانون حقوق التأليف والنشر,pseudo_sentence_word_context
987,199,ar,فاز,فاز,4,5,ملتزم قانون حقوق التأليف والنشر,pseudo_sentence_word_context
988,200,ar,مهم,مهم,0,1,ملتزم قانون حقوق التأليف والنشر مزود مؤلف الخالق صورة مستحق له,pseudo_sentence_word_context
989,200,ar,قضية,قضية,1,2,ملتزم قانون حقوق التأليف والنشر مزود مؤلف الخالق صورة مستحق له,pseudo_sentence_word_context
990,200,ar,قضية,قضية,2,3,ملتزم قانون حقوق التأليف والنشر مزود مؤلف الخالق صورة مستحق له,pseudo_sentence_word_context
991,200,ar,موز,موز,3,4,ملتزم قانون حقوق التأليف والنشر مزود مؤلف الخالق صورة مستحق له,pseudo_sentence_word_context
992,200,ar,مشكلة,مشكلة,4,5,ملتزم قانون حقوق التأليف والنشر مزود مؤلف الخالق صورة مستحق له,pseudo_sentence_word_context
993,200,ar,إجابة,إجابة,5,6,ملتزم قانون حقوق التأليف والنشر مزود مؤلف الخالق صورة مستحق له,pseudo_sentence_word_context
994,200,ar,شكوى,شكوى,6,7,ملتزم قانون حقوق التأليف والنشر مزود مؤلف الخالق صورة مستحق له,pseudo_sentence_word_context
995,200,ar,حركة,حركة,7,8,ملتزم قانون حقوق التأليف والنشر مزود مؤلف الخالق صورة مستحق له,pseudo_sentence_word_context
996,200,ar,يرفض,يرفض,8,9,ملتزم قانون حقوق التأليف والنشر مزود مؤلف الخالق صورة مستحق له,pseudo_sentence_word_context
997,200,ar,قضية,قضية,9,10,ملتزم قانون حقوق التأليف والنشر مزود مؤلف الخالق صورة مستحق له,pseudo_sentence_word_context
998,200,ar,القرود,القرود,10,11,ملتزم قانون حقوق التأليف والنشر مزود مؤلف الخالق صورة مستحق له,pseudo_sentence_word_context
999,201,ar,يقول,يقول,0,1,لا يقول مؤلف يعرف تحضير تصوير,pseudo_sentence_word_context
1000,201,ar,واقفاً,واقفاً,1,2,لا يقول مؤلف يعرف تحضير تصوير,pseudo_sentence_word_context
1001,201,ar,مقاضاة,مقاضاة,2,3,لا يقول مؤلف يعرف تحضير تصوير,pseudo_sentence_word_context
1002,201,ar,المحكمة الفيدرالية,المحكمة | الفيدرالية,3,5,لا يقول مؤلف يعرف تحضير تصوير,pseudo_sentence_word_context
1003,201,ar,مطالبة,مطالبة,5,6,لا يقول مؤلف يعرف تحضير تصوير,pseudo_sentence_word_context
1004,201,ar,قائم على,قائم | على,6,8,لا يقول مؤلف يعرف تحضير تصوير,isolated_word_fallback_span_out_of_range
1005,202,ar,سابقة,سابقة,0,1,يعطي آلة تصوير يسأل تصوير تصوير تنظم تصوير تصوير ظروف له حقوق الطبع والنشر,pseudo_sentence_word_context
1006,202,ar,نظام,نظام,1,2,يعطي آلة تصوير يسأل تصوير تصوير تنظم تصوير تصوير ظروف له حقوق الطبع والنشر,pseudo_sentence_word_context
1007,202,ar,قضية,قضية,2,3,يعطي آلة تصوير يسأل تصوير تصوير تنظم تصوير تصوير ظروف له حقوق الطبع والنشر,pseudo_sentence_word_context
1008,202,ar,مُسَمًّى,مُسَمًّى,3,4,يعطي آلة تصوير يسأل تصوير تصوير تنظم تصوير تصوير ظروف له حقوق الطبع والنشر,pseudo_sentence_word_context
1009,202,ar,مجتمع,مجتمع,4,5,يعطي آلة تصوير يسأل تصوير تصوير تنظم تصوير تصوير ظروف له حقوق الطبع والنشر,pseudo_sentence_word_context
1010,202,ar,عوالم,عوالم,5,6,يعطي آلة تصوير يسأل تصوير تصوير تنظم تصوير تصوير ظروف له حقوق الطبع والنشر,pseudo_sentence_word_context
1011,202,ar,الحيتان,الحيتان,6,7,يعطي آلة تصوير يسأل تصوير تصوير تنظم تصوير تصوير ظروف له حقوق الطبع والنشر,pseudo_sentence_word_context
1012,202,ar,الدلافين,الدلافين,7,8,يعطي آلة تصوير يسأل تصوير تصوير تنظم تصوير تصوير ظروف له حقوق الطبع والنشر,pseudo_sentence_word_context
1013,202,ar,الدلافين,الدلافين,8,9,يعطي آلة تصوير يسأل تصوير تصوير تنظم تصوير تصوير ظروف له حقوق الطبع والنشر,pseudo_sentence_word_context
1014,202,ar,سو,سو,9,10,يعطي آلة تصوير يسأل تصوير تصوير تنظم تصوير تصوير ظروف له حقوق الطبع والنشر,pseudo_sentence_word_context
1015,202,ar,رئيس,رئيس,10,11,يعطي آلة تصوير يسأل تصوير تصوير تنظم تصوير تصوير ظروف له حقوق الطبع والنشر,pseudo_sentence_word_context
1016,202,ar,عوالم,عوالم,11,12,يعطي آلة تصوير يسأل تصوير تصوير تنظم تصوير تصوير ظروف له حقوق الطبع والنشر,pseudo_sentence_word_context
1017,202,ar,الحيتان,الحيتان,12,13,يعطي آلة تصوير يسأل تصوير تصوير تنظم تصوير تصوير ظروف له حقوق الطبع والنشر,pseudo_sentence_word_context
1018,202,ar,الدلافين,الدلافين,13,14,يعطي آلة تصوير يسأل تصوير تصوير تنظم تصوير تصوير ظروف له حقوق الطبع والنشر,pseudo_sentence_word_context
1019,203,ar,الدلافين,الدلافين,0,1,فرنسي السياح يجب مقاضاة,pseudo_sentence_word_context
1020,203,ar,حمولة,حمولة,1,2,فرنسي السياح يجب مقاضاة,pseudo_sentence_word_context
1021,203,ar,الجيوش,الجيوش,2,3,فرنسي السياح يجب مقاضاة,pseudo_sentence_word_context
1022,203,ar,يستخدم,يستخدم,3,4,فرنسي السياح يجب مقاضاة,pseudo_sentence_word_context
1023,204,ar,تحت الماء,تحت | الماء,0,2,منظمة,isolated_word_fallback_span_out_of_range
1024,205,ar,جارح,جارح,0,1,قضية مسموع المحكمة الفيدرالية سان فرانسيسكو,pseudo_sentence_word_context
1025,205,ar,عامل,عامل,1,2,قضية مسموع المحكمة الفيدرالية سان فرانسيسكو,pseudo_sentence_word_context
1026,205,ar,طبيعي,طبيعي,2,3,قضية مسموع المحكمة الفيدرالية سان فرانسيسكو,pseudo_sentence_word_context
1027,205,ar,السلوكيات,السلوكيات,3,4,قضية مسموع المحكمة الفيدرالية سان فرانسيسكو,pseudo_sentence_word_context
1028,205,ar,تناول الطعام,تناول | الطعام,4,6,قضية مسموع المحكمة الفيدرالية سان فرانسيسكو,pseudo_sentence_word_context
1029,205,ar,التزاوج,التزاوج,6,7,قضية مسموع المحكمة الفيدرالية سان فرانسيسكو,isolated_word_fallback_span_out_of_range
1030,206,ar,بصوت عال,بصوت | عال,0,2,تكلم المحامون إنجلترا,pseudo_sentence_word_context
1031,206,ar,موجة صوتية,موجة | صوتية,2,4,تكلم المحامون إنجلترا,isolated_word_fallback_span_out_of_range
1032,206,ar,الثدييات البحرية,الثدييات | البحرية,4,6,تكلم المحامون إنجلترا,isolated_word_fallback_span_out_of_range
1033,207,ar,علمي,علمي,0,1,قال ضروري إيجار محامي كفاح,pseudo_sentence_word_context
1034,207,ar,كلمة,كلمة,1,2,قال ضروري إيجار محامي كفاح,pseudo_sentence_word_context
1035,207,ar,فئة,فئة,2,3,قال ضروري إيجار محامي كفاح,pseudo_sentence_word_context
1036,207,ar,الثدييات,الثدييات,3,4,قال ضروري إيجار محامي كفاح,pseudo_sentence_word_context
1037,207,ar,الثدييات البحرية,الثدييات | البحرية,4,6,قال ضروري إيجار محامي كفاح,isolated_word_fallback_span_out_of_range
1038,208,ar,يسمع,يسمع,0,1,مُستَحسَن يتصل المحامون يحتاج فعل يحتاج يتبع فرصة فرصة ذاهب القرود طريق لا تحدي,pseudo_sentence_word_context
1039,208,ar,شاطئ,شاطئ,1,2,مُستَحسَن يتصل المحامون يحتاج فعل يحتاج يتبع فرصة فرصة ذاهب القرود طريق لا تحدي,pseudo_sentence_word_context
1040,208,ar,قضية,قضية,2,3,مُستَحسَن يتصل المحامون يحتاج فعل يحتاج يتبع فرصة فرصة ذاهب القرود طريق لا تحدي,pseudo_sentence_word_context
1041,208,ar,محكمة,محكمة,3,4,مُستَحسَن يتصل المحامون يحتاج فعل يحتاج يتبع فرصة فرصة ذاهب القرود طريق لا تحدي,pseudo_sentence_word_context
1042,208,ar,الاستئنافات,الاستئنافات,4,5,مُستَحسَن يتصل المحامون يحتاج فعل يحتاج يتبع فرصة فرصة ذاهب القرود طريق لا تحدي,pseudo_sentence_word_context
1043,208,ar,مقرر,مقرر,5,6,مُستَحسَن يتصل المحامون يحتاج فعل يحتاج يتبع فرصة فرصة ذاهب القرود طريق لا تحدي,pseudo_sentence_word_context
1044,208,ar,بلدان,بلدان,6,7,مُستَحسَن يتصل المحامون يحتاج فعل يحتاج يتبع فرصة فرصة ذاهب القرود طريق لا تحدي,pseudo_sentence_word_context
1045,208,ar,الحيوانات,الحيوانات,7,8,مُستَحسَن يتصل المحامون يحتاج فعل يحتاج يتبع فرصة فرصة ذاهب القرود طريق لا تحدي,pseudo_sentence_word_context
1046,208,ar,واقفاً,واقفاً,8,9,مُستَحسَن يتصل المحامون يحتاج فعل يحتاج يتبع فرصة فرصة ذاهب القرود طريق لا تحدي,pseudo_sentence_word_context
1047,208,ar,مقاضاة,مقاضاة,9,10,مُستَحسَن يتصل المحامون يحتاج فعل يحتاج يتبع فرصة فرصة ذاهب القرود طريق لا تحدي,pseudo_sentence_word_context
1048,208,ar,المحكمة الفيدرالية,المحكمة | الفيدرالية,10,12,مُستَحسَن يتصل المحامون يحتاج فعل يحتاج يتبع فرصة فرصة ذاهب القرود طريق لا تحدي,pseudo_sentence_word_context
1049,208,ar,قضية,قضية,12,13,مُستَحسَن يتصل المحامون يحتاج فعل يحتاج يتبع فرصة فرصة ذاهب القرود طريق لا تحدي,pseudo_sentence_word_context
1050,208,ar,نقطة,نقطة,13,14,مُستَحسَن يتصل المحامون يحتاج فعل يحتاج يتبع فرصة فرصة ذاهب القرود طريق لا تحدي,pseudo_sentence_word_context
1051,208,ar,حماية,حماية,14,15,مُستَحسَن يتصل المحامون يحتاج فعل يحتاج يتبع فرصة فرصة ذاهب القرود طريق لا تحدي,isolated_word_fallback_span_out_of_range
1052,209,ar,تم توظيفه,تم | توظيفه,0,2,قرد يفوز,pseudo_sentence_word_context
1053,209,ar,محامي,محامي,2,3,قرد يفوز,isolated_word_fallback_span_out_of_range
1054,210,ar,يمثل,يمثل,0,1,,isolated_word_fallback_span_out_of_range
1055,211,ar,قرد,قرد,0,1,محكمة كاليفورنيا,pseudo_sentence_word_context
1056,211,ar,محكمة,محكمة,1,2,محكمة كاليفورنيا,pseudo_sentence_word_context
1057,212,ar,رجل,رجل,0,1,رأي يحدث,pseudo_sentence_word_context
1058,212,ar,اسم,اسم,1,2,رأي يحدث,pseudo_sentence_word_context
1059,213,ar,رجل,رجل,0,1,لا أعرف. يمين,pseudo_sentence_word_context
1060,213,ar,آت,آت,1,2,لا أعرف. يمين,pseudo_sentence_word_context
1061,213,ar,مكتب محاماة,مكتب | محاماة,2,4,لا أعرف. يمين,isolated_word_fallback_span_out_of_range
1062,214,ar,لوس أنجلوس,لوس | أنجلوس,0,2,قال يأخذ مخاطرة,pseudo_sentence_word_context
1063,214,ar,معروف,معروف,2,3,قال يأخذ مخاطرة,pseudo_sentence_word_context
1064,214,ar,الملكية الفكرية,الملكية | الفكرية,3,5,قال يأخذ مخاطرة,isolated_word_fallback_span_out_of_range
1065,215,ar,قانون,قانون,0,1,بالطبع,pseudo_sentence_word_context
1066,216,ar,قضية,قضية,0,1,كاليفورنيا,pseudo_sentence_word_context
1067,217,ar,الملكية الفكرية,الملكية | الفكرية,0,2,,isolated_word_fallback_span_out_of_range
1068,218,ar,مطالبة,مطالبة,0,1,يمين,pseudo_sentence_word_context
1069,219,ar,قانوني,قانوني,0,1,الأجر يمثل,pseudo_sentence_word_context
1070,219,ar,حقوق الطبع والنشر,حقوق | الطبع | والنشر,1,4,الأجر يمثل,isolated_word_fallback_span_out_of_range
1071,220,ar,الميل,الميل,0,1,يفعل يتذكر مسموع قضية,pseudo_sentence_word_context
1072,220,ar,تصوير,تصوير,1,2,يفعل يتذكر مسموع قضية,pseudo_sentence_word_context
1073,220,ar,يرى,يرى,2,3,يفعل يتذكر مسموع قضية,pseudo_sentence_word_context
1074,220,ar,قضية,قضية,3,4,يفعل يتذكر مسموع قضية,pseudo_sentence_word_context
1075,221,ar,فرصة,فرصة,0,1,يتصل,pseudo_sentence_word_context
1076,222,ar,يتحرك,يتحرك,0,1,مسموع,pseudo_sentence_word_context
1077,223,ar,قانون,قانون,0,1,يقرأ,pseudo_sentence_word_context
1078,224,ar,نظام,نظام,0,1,لا تفعل ذلك. يتذكر يقرأ,pseudo_sentence_word_context
1079,224,ar,سابقة,سابقة,1,2,لا تفعل ذلك. يتذكر يقرأ,pseudo_sentence_word_context
1080,224,ar,غير موافق,غير | موافق,2,4,لا تفعل ذلك. يتذكر يقرأ,pseudo_sentence_word_context
1081,224,ar,الحكم,الحكم,4,5,لا تفعل ذلك. يتذكر يقرأ,pseudo_sentence_word_context
1082,224,ar,قضية,قضية,5,6,لا تفعل ذلك. يتذكر يقرأ,isolated_word_fallback_span_out_of_range
1083,225,ar,المؤمنون,المؤمنون,0,1,متحمس مخصص تم تقديم الطلب سان فرانسيسكو المحكمة الفيدرالية سبب بيركلي,pseudo_sentence_word_context
1084,225,ar,الحيوانات,الحيوانات,1,2,متحمس مخصص تم تقديم الطلب سان فرانسيسكو المحكمة الفيدرالية سبب بيركلي,pseudo_sentence_word_context
1085,225,ar,محكمة,محكمة,2,3,متحمس مخصص تم تقديم الطلب سان فرانسيسكو المحكمة الفيدرالية سبب بيركلي,pseudo_sentence_word_context
1086,225,ar,قدر,قدر,3,4,متحمس مخصص تم تقديم الطلب سان فرانسيسكو المحكمة الفيدرالية سبب بيركلي,pseudo_sentence_word_context
1087,225,ar,مدني,مدني,4,5,متحمس مخصص تم تقديم الطلب سان فرانسيسكو المحكمة الفيدرالية سبب بيركلي,pseudo_sentence_word_context
1088,225,ar,مادة,مادة,5,6,متحمس مخصص تم تقديم الطلب سان فرانسيسكو المحكمة الفيدرالية سبب بيركلي,pseudo_sentence_word_context
1089,225,ar,خطوة,خطوة,6,7,متحمس مخصص تم تقديم الطلب سان فرانسيسكو المحكمة الفيدرالية سبب بيركلي,pseudo_sentence_word_context
1090,225,ar,محامي,محامي,7,8,متحمس مخصص تم تقديم الطلب سان فرانسيسكو المحكمة الفيدرالية سبب بيركلي,pseudo_sentence_word_context
1091,225,ar,يأتي,يأتي,8,9,متحمس مخصص تم تقديم الطلب سان فرانسيسكو المحكمة الفيدرالية سبب بيركلي,pseudo_sentence_word_context
1092,225,ar,ولاية,ولاية,9,10,متحمس مخصص تم تقديم الطلب سان فرانسيسكو المحكمة الفيدرالية سبب بيركلي,pseudo_sentence_word_context
1093,225,ar,مظهر,مظهر,10,11,متحمس مخصص تم تقديم الطلب سان فرانسيسكو المحكمة الفيدرالية سبب بيركلي,pseudo_sentence_word_context
1094,226,ar,جيد,جيد,0,1,ظننت ممتاز قضية,pseudo_sentence_word_context
1095,226,ar,ظهراً,ظهراً,1,2,ظننت ممتاز قضية,pseudo_sentence_word_context
1096,226,ar,تسجيل,تسجيل,2,3,ظننت ممتاز قضية,pseudo_sentence_word_context
1097,227,ar,السمع,السمع,0,1,الملكية الفكرية محامي,pseudo_sentence_word_context
1098,227,ar,المحكمة الفيدرالية,المحكمة | الفيدرالية,1,3,الملكية الفكرية محامي,pseudo_sentence_word_context
1099,227,ar,سان فرانسيسكو,سان | فرانسيسكو,3,5,الملكية الفكرية محامي,isolated_word_fallback_span_out_of_range
1100,228,ar,غير متوقع,غير | متوقع,0,2,وظائف,isolated_word_fallback_span_out_of_range
1101,229,ar,يحكم على,يحكم | على,0,2,يقرأ قضية وصل بسأل يأخذ,pseudo_sentence_word_context
1102,229,ar,بسأل,بسأل,2,3,يقرأ قضية وصل بسأل يأخذ,pseudo_sentence_word_context
1103,229,ar,مثال,مثال,3,4,يقرأ قضية وصل بسأل يأخذ,pseudo_sentence_word_context
1104,229,ar,حيوان,حيوان,4,5,يقرأ قضية وصل بسأل يأخذ,pseudo_sentence_word_context
1105,229,ar,جائزة,جائزة,5,6,يقرأ قضية وصل بسأل يأخذ,isolated_word_fallback_span_out_of_range
1106,230,ar,حقوق الطبع والنشر,حقوق | الطبع | والنشر,0,3,يفكر ممتاز قضية,pseudo_sentence_word_context
1107,230,ar,مغلق,مغلق,3,4,يفكر ممتاز قضية,isolated_word_fallback_span_out_of_range
1108,230,ar,تاريخ,تاريخ,4,5,يفكر ممتاز قضية,isolated_word_fallback_span_out_of_range
1109,231,ar,القانون العام,القانون | العام,0,2,التفكير معرفة قضية معرفة تحضير قرد ألعاب الكلمات أشياء,pseudo_sentence_word_context
1110,231,ar,قانون حقوق التأليف والنشر,قانون | حقوق | التأليف | والنشر,2,6,التفكير معرفة قضية معرفة تحضير قرد ألعاب الكلمات أشياء,pseudo_sentence_word_context
1111,231,ar,مثال,مثال,6,7,التفكير معرفة قضية معرفة تحضير قرد ألعاب الكلمات أشياء,pseudo_sentence_word_context
1112,231,ar,حيوان,حيوان,7,8,التفكير معرفة قضية معرفة تحضير قرد ألعاب الكلمات أشياء,pseudo_sentence_word_context
1113,231,ar,جائزة,جائزة,8,9,التفكير معرفة قضية معرفة تحضير قرد ألعاب الكلمات أشياء,pseudo_sentence_word_context
1114,231,ar,حقوق الطبع والنشر,حقوق | الطبع | والنشر,9,12,التفكير معرفة قضية معرفة تحضير قرد ألعاب الكلمات أشياء,isolated_word_fallback_span_out_of_range
1115,231,ar,مثال,مثال,12,13,التفكير معرفة قضية معرفة تحضير قرد ألعاب الكلمات أشياء,isolated_word_fallback_span_out_of_range
1116,231,ar,حيوان,حيوان,13,14,التفكير معرفة قضية معرفة تحضير قرد ألعاب الكلمات أشياء,isolated_word_fallback_span_out_of_range
1117,231,ar,جائزة,جائزة,14,15,التفكير معرفة قضية معرفة تحضير قرد ألعاب الكلمات أشياء,isolated_word_fallback_span_out_of_range
1118,232,ar,حقوق الطبع والنشر,حقوق | الطبع | والنشر,0,3,معتقد,isolated_word_fallback_span_out_of_range
1119,233,ar,يفعل,يفعل,0,1,,isolated_word_fallback_span_out_of_range
1120,234,ar,الحجة المضادة,الحجة | المضادة,0,2,لا أعرف. يرى لينكد إن حساب تعريفي,pseudo_sentence_word_context
1121,234,ar,آخر,آخر,2,3,لا أعرف. يرى لينكد إن حساب تعريفي,pseudo_sentence_word_context
1122,234,ar,الجنس البشري,الجنس | البشري,3,5,لا أعرف. يرى لينكد إن حساب تعريفي,pseudo_sentence_word_context
1123,234,ar,مرفوض,مرفوض,5,6,لا أعرف. يرى لينكد إن حساب تعريفي,pseudo_sentence_word_context
1124,234,ar,حماية,حماية,6,7,لا أعرف. يرى لينكد إن حساب تعريفي,pseudo_sentence_word_context
1125,234,ar,قانون,قانون,7,8,لا أعرف. يرى لينكد إن حساب تعريفي,isolated_word_fallback_span_out_of_range
1126,234,ar,كعب,كعب,8,9,لا أعرف. يرى لينكد إن حساب تعريفي,isolated_word_fallback_span_out_of_range
1127,235,ar,لون,لون,0,1,تشيبينديلز زيّ,pseudo_sentence_word_context
1128,235,ar,جلد,جلد,1,2,تشيبينديلز زيّ,pseudo_sentence_word_context
1129,236,ar,يرى,يرى,0,1,لينكد إن صورة يختار ركلة الصلصة نظارات قوس رَابِطَة,pseudo_sentence_word_context
1130,236,ar,تناقض,تناقض,1,2,لينكد إن صورة يختار ركلة الصلصة نظارات قوس رَابِطَة,pseudo_sentence_word_context
1131,236,ar,تفسير,تفسير,2,3,لينكد إن صورة يختار ركلة الصلصة نظارات قوس رَابِطَة,pseudo_sentence_word_context
1132,236,ar,يرى,يرى,3,4,لينكد إن صورة يختار ركلة الصلصة نظارات قوس رَابِطَة,pseudo_sentence_word_context
1133,236,ar,مشكلة,مشكلة,4,5,لينكد إن صورة يختار ركلة الصلصة نظارات قوس رَابِطَة,pseudo_sentence_word_context
1134,236,ar,أيام,أيام,5,6,لينكد إن صورة يختار ركلة الصلصة نظارات قوس رَابِطَة,pseudo_sentence_word_context
1135,236,ar,ينظر,ينظر,6,7,لينكد إن صورة يختار ركلة الصلصة نظارات قوس رَابِطَة,pseudo_sentence_word_context
1136,236,ar,الأساسيات,الأساسيات,7,8,لينكد إن صورة يختار ركلة الصلصة نظارات قوس رَابِطَة,pseudo_sentence_word_context
1137,236,ar,التمدد,التمدد,8,9,لينكد إن صورة يختار ركلة الصلصة نظارات قوس رَابِطَة,pseudo_sentence_word_context
1138,237,ar,استراحة,استراحة,0,1,سنين المتدرب سنين قادر تم تقديم الطلب محكمة,pseudo_sentence_word_context
1139,237,ar,لحظة,لحظة,1,2,سنين المتدرب سنين قادر تم تقديم الطلب محكمة,pseudo_sentence_word_context
1140,237,ar,إجابة,إجابة,2,3,سنين المتدرب سنين قادر تم تقديم الطلب محكمة,pseudo_sentence_word_context
1141,237,ar,مقارنة,مقارنة,3,4,سنين المتدرب سنين قادر تم تقديم الطلب محكمة,pseudo_sentence_word_context
1142,237,ar,القرود,القرود,4,5,سنين المتدرب سنين قادر تم تقديم الطلب محكمة,pseudo_sentence_word_context
1143,237,ar,نقص,نقص,5,6,سنين المتدرب سنين قادر تم تقديم الطلب محكمة,pseudo_sentence_word_context
1144,237,ar,حقوق الطبع والنشر,حقوق | الطبع | والنشر,6,9,سنين المتدرب سنين قادر تم تقديم الطلب محكمة,isolated_word_fallback_span_out_of_range
1145,237,ar,العبودية المنقولة,العبودية | المنقولة,9,11,سنين المتدرب سنين قادر تم تقديم الطلب محكمة,isolated_word_fallback_span_out_of_range
1146,238,ar,جارح,جارح,0,1,قضية,pseudo_sentence_word_context
1147,239,ar,مرئي,مرئي,0,1,يقول حقيقي الملكية الفكرية محامي,pseudo_sentence_word_context
1148,239,ar,انبهار,انبهار,1,2,يقول حقيقي الملكية الفكرية محامي,pseudo_sentence_word_context
1149,239,ar,عنصري,عنصري,2,3,يقول حقيقي الملكية الفكرية محامي,pseudo_sentence_word_context
1150,239,ar,تاريخ,تاريخ,3,4,يقول حقيقي الملكية الفكرية محامي,pseudo_sentence_word_context
1151,239,ar,مقارنة,مقارنة,4,5,يقول حقيقي الملكية الفكرية محامي,pseudo_sentence_word_context
1152,240,ar,السود,السود,0,1,محمي لعبة شركة فاز مهم قضية,pseudo_sentence_word_context
1153,240,ar,القرود,القرود,1,2,محمي لعبة شركة فاز مهم قضية,pseudo_sentence_word_context
1154,240,ar,مرئي,مرئي,2,3,محمي لعبة شركة فاز مهم قضية,pseudo_sentence_word_context
1155,240,ar,غير مريح,غير | مريح,3,5,محمي لعبة شركة فاز مهم قضية,pseudo_sentence_word_context
1156,240,ar,الحد الأقصى,الحد | الأقصى,5,7,محمي لعبة شركة فاز مهم قضية,isolated_word_fallback_span_out_of_range
1157,240,ar,الإنكار,الإنكار,7,8,محمي لعبة شركة فاز مهم قضية,isolated_word_fallback_span_out_of_range
1158,241,ar,قرد,قرد,0,1,قضية موز مشكلة,pseudo_sentence_word_context
1159,241,ar,امتلاك عقار,امتلاك | عقار,1,3,قضية موز مشكلة,pseudo_sentence_word_context
1160,241,ar,نفس,نفس,3,4,قضية موز مشكلة,isolated_word_fallback_span_out_of_range
1161,242,ar,الإنكار,الإنكار,0,1,إجابة شكوى حركة يرفض قضية,pseudo_sentence_word_context
1162,242,ar,الجنس البشري,الجنس | البشري,1,3,إجابة شكوى حركة يرفض قضية,pseudo_sentence_word_context
1163,242,ar,امتلاك عقار,امتلاك | عقار,3,5,إجابة شكوى حركة يرفض قضية,pseudo_sentence_word_context
1164,242,ar,لون,لون,5,6,إجابة شكوى حركة يرفض قضية,isolated_word_fallback_span_out_of_range
1165,242,ar,جلد,جلد,6,7,إجابة شكوى حركة يرفض قضية,isolated_word_fallback_span_out_of_range
1166,243,ar,تمدد,تمدد,0,1,القرود يقول واقفاً مقاضاة المحكمة الفيدرالية,pseudo_sentence_word_context
1167,243,ar,عفو,عفو,1,2,القرود يقول واقفاً مقاضاة المحكمة الفيدرالية,pseudo_sentence_word_context
1168,243,ar,تمدد,تمدد,2,3,القرود يقول واقفاً مقاضاة المحكمة الفيدرالية,pseudo_sentence_word_context
1169,243,ar,يذهب,يذهب,3,4,القرود يقول واقفاً مقاضاة المحكمة الفيدرالية,pseudo_sentence_word_context
1170,243,ar,يفعل,يفعل,4,5,القرود يقول واقفاً مقاضاة المحكمة الفيدرالية,pseudo_sentence_word_context
1171,243,ar,منسق,منسق,5,6,القرود يقول واقفاً مقاضاة المحكمة الفيدرالية,pseudo_sentence_word_context
1172,244,ar,مطالبة,مطالبة,0,1,مطالبة قائم على سابقة نظام قضية مُسَمًّى مجتمع,pseudo_sentence_word_context
1173,244,ar,اليوم,اليوم,1,2,مطالبة قائم على سابقة نظام قضية مُسَمًّى مجتمع,pseudo_sentence_word_context
1174,244,ar,عدل,عدل,2,3,مطالبة قائم على سابقة نظام قضية مُسَمًّى مجتمع,pseudo_sentence_word_context
1175,244,ar,يقول,يقول,3,4,مطالبة قائم على سابقة نظام قضية مُسَمًّى مجتمع,pseudo_sentence_word_context
1176,244,ar,التبني,التبني,4,5,مطالبة قائم على سابقة نظام قضية مُسَمًّى مجتمع,pseudo_sentence_word_context
1177,244,ar,أربعة عشر,أربعة | عشر,5,7,مطالبة قائم على سابقة نظام قضية مُسَمًّى مجتمع,pseudo_sentence_word_context
1178,244,ar,الرتق,الرتق,7,8,مطالبة قائم على سابقة نظام قضية مُسَمًّى مجتمع,pseudo_sentence_word_context
1179,244,ar,المفاهيم,المفاهيم,8,9,مطالبة قائم على سابقة نظام قضية مُسَمًّى مجتمع,isolated_word_fallback_span_out_of_range
1180,245,ar,ملكية العقارات,ملكية | العقارات,0,2,عوالم الحيتان الدلافين الدلافين سو رئيس,pseudo_sentence_word_context
1181,245,ar,منطقة,منطقة,2,3,عوالم الحيتان الدلافين الدلافين سو رئيس,pseudo_sentence_word_context
1182,245,ar,براءات الاختراع,براءات | الاختراع,3,5,عوالم الحيتان الدلافين الدلافين سو رئيس,pseudo_sentence_word_context
1183,245,ar,قدرة,قدرة,5,6,عوالم الحيتان الدلافين الدلافين سو رئيس,pseudo_sentence_word_context
1184,245,ar,عبد,عبد,6,7,عوالم الحيتان الدلافين الدلافين سو رئيس,isolated_word_fallback_span_out_of_range
1185,245,ar,مطالبة,مطالبة,7,8,عوالم الحيتان الدلافين الدلافين سو رئيس,isolated_word_fallback_span_out_of_range
1186,246,ar,ملكية,ملكية,0,1,عوالم الحيتان الدلافين الدلافين حمولة الجيوش يستخدم تحت الماء جارح عامل طبيعي السلوكيات تناول الطعام التزاوج,pseudo_sentence_word_context
1187,246,ar,براءة اختراع,براءة | اختراع,1,3,عوالم الحيتان الدلافين الدلافين حمولة الجيوش يستخدم تحت الماء جارح عامل طبيعي السلوكيات تناول الطعام التزاوج,pseudo_sentence_word_context
1188,246,ar,ذاهب,ذاهب,3,4,عوالم الحيتان الدلافين الدلافين حمولة الجيوش يستخدم تحت الماء جارح عامل طبيعي السلوكيات تناول الطعام التزاوج,pseudo_sentence_word_context
1189,246,ar,الرائي,الرائي,4,5,عوالم الحيتان الدلافين الدلافين حمولة الجيوش يستخدم تحت الماء جارح عامل طبيعي السلوكيات تناول الطعام التزاوج,pseudo_sentence_word_context
1190,246,ar,قرد,قرد,5,6,عوالم الحيتان الدلافين الدلافين حمولة الجيوش يستخدم تحت الماء جارح عامل طبيعي السلوكيات تناول الطعام التزاوج,pseudo_sentence_word_context
1191,246,ar,صورة سيلفي,صورة | سيلفي,6,8,عوالم الحيتان الدلافين الدلافين حمولة الجيوش يستخدم تحت الماء جارح عامل طبيعي السلوكيات تناول الطعام التزاوج,pseudo_sentence_word_context
1192,246,ar,قضية,قضية,8,9,عوالم الحيتان الدلافين الدلافين حمولة الجيوش يستخدم تحت الماء جارح عامل طبيعي السلوكيات تناول الطعام التزاوج,pseudo_sentence_word_context
1193,246,ar,اتصال,اتصال,9,10,عوالم الحيتان الدلافين الدلافين حمولة الجيوش يستخدم تحت الماء جارح عامل طبيعي السلوكيات تناول الطعام التزاوج,pseudo_sentence_word_context
1194,246,ar,بيجوت,بيجوت,10,11,عوالم الحيتان الدلافين الدلافين حمولة الجيوش يستخدم تحت الماء جارح عامل طبيعي السلوكيات تناول الطعام التزاوج,pseudo_sentence_word_context
1195,246,ar,نهاية اللعبة,نهاية | اللعبة,11,13,عوالم الحيتان الدلافين الدلافين حمولة الجيوش يستخدم تحت الماء جارح عامل طبيعي السلوكيات تناول الطعام التزاوج,pseudo_sentence_word_context
1196,246,ar,محكمة,محكمة,13,14,عوالم الحيتان الدلافين الدلافين حمولة الجيوش يستخدم تحت الماء جارح عامل طبيعي السلوكيات تناول الطعام التزاوج,pseudo_sentence_word_context
1197,246,ar,يوافق,يوافق,14,15,عوالم الحيتان الدلافين الدلافين حمولة الجيوش يستخدم تحت الماء جارح عامل طبيعي السلوكيات تناول الطعام التزاوج,pseudo_sentence_word_context
1198,246,ar,الإنكار,الإنكار,15,16,عوالم الحيتان الدلافين الدلافين حمولة الجيوش يستخدم تحت الماء جارح عامل طبيعي السلوكيات تناول الطعام التزاوج,pseudo_sentence_word_context
1199,246,ar,قرد,قرد,16,17,عوالم الحيتان الدلافين الدلافين حمولة الجيوش يستخدم تحت الماء جارح عامل طبيعي السلوكيات تناول الطعام التزاوج,isolated_word_fallback_span_out_of_range
1200,246,ar,امتلاك عقار,امتلاك | عقار,17,19,عوالم الحيتان الدلافين الدلافين حمولة الجيوش يستخدم تحت الماء جارح عامل طبيعي السلوكيات تناول الطعام التزاوج,isolated_word_fallback_span_out_of_range
1201,246,ar,له,له,19,20,عوالم الحيتان الدلافين الدلافين حمولة الجيوش يستخدم تحت الماء جارح عامل طبيعي السلوكيات تناول الطعام التزاوج,isolated_word_fallback_span_out_of_range
1202,247,ar,الإنكار,الإنكار,0,1,بصوت عال موجة صوتية,pseudo_sentence_word_context
1203,247,ar,بشر,بشر,1,2,بصوت عال موجة صوتية,pseudo_sentence_word_context
1204,247,ar,امتلاك عقار,امتلاك | عقار,2,4,بصوت عال موجة صوتية,pseudo_sentence_word_context
1205,247,ar,يفتح,يفتح,4,5,بصوت عال موجة صوتية,isolated_word_fallback_span_out_of_range
1206,248,ar,باب,باب,0,1,الثدييات البحرية علمي كلمة فئة الثدييات الثدييات البحرية يسمع شاطئ,pseudo_sentence_word_context
1207,248,ar,القضاء,القضاء,1,2,الثدييات البحرية علمي كلمة فئة الثدييات الثدييات البحرية يسمع شاطئ,pseudo_sentence_word_context
1208,248,ar,إعادة النظر,إعادة | النظر,2,4,الثدييات البحرية علمي كلمة فئة الثدييات الثدييات البحرية يسمع شاطئ,pseudo_sentence_word_context
1209,248,ar,الوضع القانوني,الوضع | القانوني,4,6,الثدييات البحرية علمي كلمة فئة الثدييات الثدييات البحرية يسمع شاطئ,pseudo_sentence_word_context
1210,248,ar,الحيوانات,الحيوانات,6,7,الثدييات البحرية علمي كلمة فئة الثدييات الثدييات البحرية يسمع شاطئ,pseudo_sentence_word_context
1211,248,ar,حيوان,حيوان,7,8,الثدييات البحرية علمي كلمة فئة الثدييات الثدييات البحرية يسمع شاطئ,pseudo_sentence_word_context
1212,248,ar,سيتم الإعلان عنه لاحقاً,سيتم | الإعلان | عنه | لاحقاً,8,12,الثدييات البحرية علمي كلمة فئة الثدييات الثدييات البحرية يسمع شاطئ,isolated_word_fallback_span_out_of_range
1213,248,ar,أصل,أصل,12,13,الثدييات البحرية علمي كلمة فئة الثدييات الثدييات البحرية يسمع شاطئ,isolated_word_fallback_span_out_of_range
1214,248,ar,أصل,أصل,13,14,الثدييات البحرية علمي كلمة فئة الثدييات الثدييات البحرية يسمع شاطئ,isolated_word_fallback_span_out_of_range
1215,248,ar,وقت,وقت,14,15,الثدييات البحرية علمي كلمة فئة الثدييات الثدييات البحرية يسمع شاطئ,isolated_word_fallback_span_out_of_range
1216,249,ar,حاول,حاول,0,1,قضية محكمة الاستئنافات مقرر بلدان الحيوانات واقفاً مقاضاة المحكمة الفيدرالية,pseudo_sentence_word_context
1217,249,ar,مطالبة,مطالبة,1,2,قضية محكمة الاستئنافات مقرر بلدان الحيوانات واقفاً مقاضاة المحكمة الفيدرالية,pseudo_sentence_word_context
1218,249,ar,المحاكم,المحاكم,2,3,قضية محكمة الاستئنافات مقرر بلدان الحيوانات واقفاً مقاضاة المحكمة الفيدرالية,pseudo_sentence_word_context
1219,249,ar,سو,سو,3,4,قضية محكمة الاستئنافات مقرر بلدان الحيوانات واقفاً مقاضاة المحكمة الفيدرالية,pseudo_sentence_word_context
1220,249,ar,باسم,باسم,4,5,قضية محكمة الاستئنافات مقرر بلدان الحيوانات واقفاً مقاضاة المحكمة الفيدرالية,pseudo_sentence_word_context
1221,249,ar,دييغو,دييغو,5,6,قضية محكمة الاستئنافات مقرر بلدان الحيوانات واقفاً مقاضاة المحكمة الفيدرالية,pseudo_sentence_word_context
1222,249,ar,مغلق,مغلق,6,7,قضية محكمة الاستئنافات مقرر بلدان الحيوانات واقفاً مقاضاة المحكمة الفيدرالية,pseudo_sentence_word_context
1223,249,ar,قدم,قدم,7,8,قضية محكمة الاستئنافات مقرر بلدان الحيوانات واقفاً مقاضاة المحكمة الفيدرالية,pseudo_sentence_word_context
1224,249,ar,يعتبر,يعتبر,8,9,قضية محكمة الاستئنافات مقرر بلدان الحيوانات واقفاً مقاضاة المحكمة الفيدرالية,pseudo_sentence_word_context
1225,249,ar,أطنان,أطنان,9,10,قضية محكمة الاستئنافات مقرر بلدان الحيوانات واقفاً مقاضاة المحكمة الفيدرالية,pseudo_sentence_word_context
1226,250,ar,يسافر,يسافر,0,1,قضية نقطة حماية,pseudo_sentence_word_context
1227,250,ar,مايلز,مايلز,1,2,قضية نقطة حماية,pseudo_sentence_word_context
1228,250,ar,يوم,يوم,2,3,قضية نقطة حماية,pseudo_sentence_word_context
1229,251,ar,يقول,يقول,0,1,تم توظيفه محامي يمثل قرد محكمة رجل اسم,pseudo_sentence_word_context
1230,251,ar,حفظ,حفظ,1,2,تم توظيفه محامي يمثل قرد محكمة رجل اسم,pseudo_sentence_word_context
1231,251,ar,صغير,صغير,2,3,تم توظيفه محامي يمثل قرد محكمة رجل اسم,pseudo_sentence_word_context
1232,251,ar,أسمنت,أسمنت,3,4,تم توظيفه محامي يمثل قرد محكمة رجل اسم,pseudo_sentence_word_context
1233,251,ar,دبابات,دبابات,4,5,تم توظيفه محامي يمثل قرد محكمة رجل اسم,pseudo_sentence_word_context
1234,251,ar,يؤدي,يؤدي,5,6,تم توظيفه محامي يمثل قرد محكمة رجل اسم,pseudo_sentence_word_context
1235,251,ar,بشر,بشر,6,7,تم توظيفه محامي يمثل قرد محكمة رجل اسم,pseudo_sentence_word_context
1236,251,ar,ترفيه,ترفيه,7,8,تم توظيفه محامي يمثل قرد محكمة رجل اسم,pseudo_sentence_word_context
1237,252,ar,العبودية,العبودية,0,1,رجل آت مكتب محاماة لوس أنجلوس معروف الملكية الفكرية قانون,pseudo_sentence_word_context
1238,252,ar,ضائع,ضائع,1,2,رجل آت مكتب محاماة لوس أنجلوس معروف الملكية الفكرية قانون,pseudo_sentence_word_context
1239,252,ar,قضية,قضية,2,3,رجل آت مكتب محاماة لوس أنجلوس معروف الملكية الفكرية قانون,pseudo_sentence_word_context
1240,252,ar,متفق,متفق,3,4,رجل آت مكتب محاماة لوس أنجلوس معروف الملكية الفكرية قانون,pseudo_sentence_word_context
1241,252,ar,نهاية,نهاية,4,5,رجل آت مكتب محاماة لوس أنجلوس معروف الملكية الفكرية قانون,pseudo_sentence_word_context
1242,252,ar,سجين,سجين,5,6,رجل آت مكتب محاماة لوس أنجلوس معروف الملكية الفكرية قانون,pseudo_sentence_word_context
1243,252,ar,الحوت القاتل,الحوت | القاتل,6,8,رجل آت مكتب محاماة لوس أنجلوس معروف الملكية الفكرية قانون,pseudo_sentence_word_context
1244,252,ar,يخطط,يخطط,8,9,رجل آت مكتب محاماة لوس أنجلوس معروف الملكية الفكرية قانون,pseudo_sentence_word_context
1245,252,ar,آخر,آخر,9,10,رجل آت مكتب محاماة لوس أنجلوس معروف الملكية الفكرية قانون,pseudo_sentence_word_context
1246,252,ar,ميت,ميت,10,11,رجل آت مكتب محاماة لوس أنجلوس معروف الملكية الفكرية قانون,isolated_word_fallback_span_out_of_range
1247,253,ar,يفهم,يفهم,0,1,قضية الملكية الفكرية مطالبة قانوني حقوق الطبع والنشر الميل تصوير,pseudo_sentence_word_context
1248,253,ar,المطارد,المطارد,1,2,قضية الملكية الفكرية مطالبة قانوني حقوق الطبع والنشر الميل تصوير,pseudo_sentence_word_context
1249,253,ar,حالات,حالات,2,3,قضية الملكية الفكرية مطالبة قانوني حقوق الطبع والنشر الميل تصوير,pseudo_sentence_word_context
1250,253,ar,يعتبر,يعتبر,3,4,قضية الملكية الفكرية مطالبة قانوني حقوق الطبع والنشر الميل تصوير,pseudo_sentence_word_context
1251,253,ar,مختلف,مختلف,4,5,قضية الملكية الفكرية مطالبة قانوني حقوق الطبع والنشر الميل تصوير,pseudo_sentence_word_context
1252,253,ar,صور,صور,5,6,قضية الملكية الفكرية مطالبة قانوني حقوق الطبع والنشر الميل تصوير,pseudo_sentence_word_context
1253,253,ar,عالم,عالم,6,7,قضية الملكية الفكرية مطالبة قانوني حقوق الطبع والنشر الميل تصوير,pseudo_sentence_word_context
1254,253,ar,عامل,عامل,7,8,قضية الملكية الفكرية مطالبة قانوني حقوق الطبع والنشر الميل تصوير,pseudo_sentence_word_context
1255,253,ar,الجنس البشري,الجنس | البشري,8,10,قضية الملكية الفكرية مطالبة قانوني حقوق الطبع والنشر الميل تصوير,pseudo_sentence_word_context
1256,253,ar,رأس,رأس,10,11,قضية الملكية الفكرية مطالبة قانوني حقوق الطبع والنشر الميل تصوير,isolated_word_fallback_span_out_of_range
1257,254,ar,السلسلة الغذائية,السلسلة | الغذائية,0,2,يرى قضية فرصة يتحرك قانون نظام سابقة,pseudo_sentence_word_context
1258,254,ar,مطلوب,مطلوب,2,3,يرى قضية فرصة يتحرك قانون نظام سابقة,pseudo_sentence_word_context
1259,254,ar,طريق,طريق,3,4,يرى قضية فرصة يتحرك قانون نظام سابقة,pseudo_sentence_word_context
1260,254,ar,لقد فهمنا.,لقد | فهمنا,4,6,يرى قضية فرصة يتحرك قانون نظام سابقة,pseudo_sentence_word_context
1261,254,ar,يستخدم,يستخدم,6,7,يرى قضية فرصة يتحرك قانون نظام سابقة,pseudo_sentence_word_context
1262,254,ar,الإبهام,الإبهام,7,8,يرى قضية فرصة يتحرك قانون نظام سابقة,isolated_word_fallback_span_out_of_range
1263,254,ar,مطاردة,مطاردة,8,9,يرى قضية فرصة يتحرك قانون نظام سابقة,isolated_word_fallback_span_out_of_range
1264,255,ar,يجمع,يجمع,0,1,غير موافق الحكم قضية,pseudo_sentence_word_context
1265,255,ar,أرض,أرض,1,2,غير موافق الحكم قضية,pseudo_sentence_word_context
1266,255,ar,يبني,يبني,2,3,غير موافق الحكم قضية,pseudo_sentence_word_context
1267,255,ar,المدن,المدن,3,4,غير موافق الحكم قضية,pseudo_sentence_word_context
1268,256,ar,يخلق,يخلق,0,1,المؤمنون الحيوانات محكمة,pseudo_sentence_word_context
1269,256,ar,قوانين حقوق النشر,قوانين | حقوق | النشر,1,4,المؤمنون الحيوانات محكمة,isolated_word_fallback_span_out_of_range
1270,256,ar,يخلق,يخلق,4,5,المؤمنون الحيوانات محكمة,isolated_word_fallback_span_out_of_range
1271,257,ar,قواعد,قواعد,0,1,قدر مدني مادة خطوة,pseudo_sentence_word_context
1272,257,ar,عالم,عالم,1,2,قدر مدني مادة خطوة,pseudo_sentence_word_context
1273,257,ar,آخر,آخر,2,3,قدر مدني مادة خطوة,pseudo_sentence_word_context
1274,257,ar,صورة,صورة,3,4,قدر مدني مادة خطوة,pseudo_sentence_word_context
1275,258,ar,متكل,متكل,0,1,محامي يأتي ولاية مظهر جيد,pseudo_sentence_word_context
1276,258,ar,حائط,حائط,1,2,محامي يأتي ولاية مظهر جيد,pseudo_sentence_word_context
1277,258,ar,الجنس البشري,الجنس | البشري,2,4,محامي يأتي ولاية مظهر جيد,pseudo_sentence_word_context
1278,258,ar,رأس,رأس,4,5,محامي يأتي ولاية مظهر جيد,pseudo_sentence_word_context
1279,258,ar,الجنس البشري,الجنس | البشري,5,7,محامي يأتي ولاية مظهر جيد,isolated_word_fallback_span_out_of_range
1280,259,ar,الثدييات,الثدييات,0,1,ظهراً تسجيل السمع المحكمة الفيدرالية سان فرانسيسكو غير متوقع,pseudo_sentence_word_context
1281,259,ar,ذاهب,ذاهب,1,2,ظهراً تسجيل السمع المحكمة الفيدرالية سان فرانسيسكو غير متوقع,pseudo_sentence_word_context
1282,259,ar,أرض,أرض,2,3,ظهراً تسجيل السمع المحكمة الفيدرالية سان فرانسيسكو غير متوقع,pseudo_sentence_word_context
1283,259,ar,يعطي,يعطي,3,4,ظهراً تسجيل السمع المحكمة الفيدرالية سان فرانسيسكو غير متوقع,pseudo_sentence_word_context
1284,259,ar,تأكيد,تأكيد,4,5,ظهراً تسجيل السمع المحكمة الفيدرالية سان فرانسيسكو غير متوقع,pseudo_sentence_word_context
1285,259,ar,حقوق,حقوق,5,6,ظهراً تسجيل السمع المحكمة الفيدرالية سان فرانسيسكو غير متوقع,pseudo_sentence_word_context
1286,259,ar,الجنس البشري,الجنس | البشري,6,8,ظهراً تسجيل السمع المحكمة الفيدرالية سان فرانسيسكو غير متوقع,pseudo_sentence_word_context
1287,259,ar,يمتد,يمتد,8,9,ظهراً تسجيل السمع المحكمة الفيدرالية سان فرانسيسكو غير متوقع,pseudo_sentence_word_context
1288,259,ar,حقوق,حقوق,9,10,ظهراً تسجيل السمع المحكمة الفيدرالية سان فرانسيسكو غير متوقع,isolated_word_fallback_span_out_of_range
1289,260,ar,زميل,زميل,0,1,يحكم على بسأل مثال حيوان جائزة حقوق الطبع والنشر,pseudo_sentence_word_context
1290,260,ar,الحيوانات,الحيوانات,1,2,يحكم على بسأل مثال حيوان جائزة حقوق الطبع والنشر,pseudo_sentence_word_context
1291,260,ar,شركة,شركة,2,3,يحكم على بسأل مثال حيوان جائزة حقوق الطبع والنشر,pseudo_sentence_word_context
1292,260,ar,الحد الأقصى,الحد | الأقصى,3,5,يحكم على بسأل مثال حيوان جائزة حقوق الطبع والنشر,pseudo_sentence_word_context
1293,260,ar,الجنس البشري,الجنس | البشري,5,7,يحكم على بسأل مثال حيوان جائزة حقوق الطبع والنشر,pseudo_sentence_word_context
1294,260,ar,الجزء العلوي,الجزء | العلوي,7,9,يحكم على بسأل مثال حيوان جائزة حقوق الطبع والنشر,pseudo_sentence_word_context
1295,260,ar,حيوانات أخرى,حيوانات | أخرى,9,11,يحكم على بسأل مثال حيوان جائزة حقوق الطبع والنشر,isolated_word_fallback_span_out_of_range
1296,260,ar,صديق,صديق,11,12,يحكم على بسأل مثال حيوان جائزة حقوق الطبع والنشر,isolated_word_fallback_span_out_of_range
1297,260,ar,مملكة الحيوان,مملكة | الحيوان,12,14,يحكم على بسأل مثال حيوان جائزة حقوق الطبع والنشر,isolated_word_fallback_span_out_of_range
1298,261,ar,يعرف,يعرف,0,1,مغلق تاريخ القانون العام قانون حقوق التأليف والنشر مثال حيوان جائزة حقوق الطبع والنشر,pseudo_sentence_word_context
1299,261,ar,يؤذي,يؤذي,1,2,مغلق تاريخ القانون العام قانون حقوق التأليف والنشر مثال حيوان جائزة حقوق الطبع والنشر,pseudo_sentence_word_context
1300,261,ar,مدفوع,مدفوع,2,3,مغلق تاريخ القانون العام قانون حقوق التأليف والنشر مثال حيوان جائزة حقوق الطبع والنشر,pseudo_sentence_word_context
1301,261,ar,في كثير من الأحيان,في | كثير | من | الأحيان,3,7,مغلق تاريخ القانون العام قانون حقوق التأليف والنشر مثال حيوان جائزة حقوق الطبع والنشر,pseudo_sentence_word_context
1302,261,ar,يرى,يرى,7,8,مغلق تاريخ القانون العام قانون حقوق التأليف والنشر مثال حيوان جائزة حقوق الطبع والنشر,pseudo_sentence_word_context
1303,261,ar,عام,عام,8,9,مغلق تاريخ القانون العام قانون حقوق التأليف والنشر مثال حيوان جائزة حقوق الطبع والنشر,pseudo_sentence_word_context
1304,261,ar,محامي,محامي,9,10,مغلق تاريخ القانون العام قانون حقوق التأليف والنشر مثال حيوان جائزة حقوق الطبع والنشر,pseudo_sentence_word_context
1305,261,ar,أصل,أصل,10,11,مغلق تاريخ القانون العام قانون حقوق التأليف والنشر مثال حيوان جائزة حقوق الطبع والنشر,pseudo_sentence_word_context
1306,261,ar,حالة,حالة,11,12,مغلق تاريخ القانون العام قانون حقوق التأليف والنشر مثال حيوان جائزة حقوق الطبع والنشر,pseudo_sentence_word_context
1307,261,ar,يفكر,يفكر,12,13,مغلق تاريخ القانون العام قانون حقوق التأليف والنشر مثال حيوان جائزة حقوق الطبع والنشر,pseudo_sentence_word_context
1308,261,ar,رجس,رجس,13,14,مغلق تاريخ القانون العام قانون حقوق التأليف والنشر مثال حيوان جائزة حقوق الطبع والنشر,pseudo_sentence_word_context
1309,261,ar,الحيوانات,الحيوانات,14,15,مغلق تاريخ القانون العام قانون حقوق التأليف والنشر مثال حيوان جائزة حقوق الطبع والنشر,isolated_word_fallback_span_out_of_range
1310,261,ar,إحساس,إحساس,15,16,مغلق تاريخ القانون العام قانون حقوق التأليف والنشر مثال حيوان جائزة حقوق الطبع والنشر,isolated_word_fallback_span_out_of_range
1311,261,ar,الكائنات الواعية,الكائنات | الواعية,16,18,مغلق تاريخ القانون العام قانون حقوق التأليف والنشر مثال حيوان جائزة حقوق الطبع والنشر,isolated_word_fallback_span_out_of_range
1312,262,ar,مستحق,مستحق,0,1,مثال حيوان جائزة حقوق الطبع والنشر,pseudo_sentence_word_context
1313,262,ar,أساسي,أساسي,1,2,مثال حيوان جائزة حقوق الطبع والنشر,pseudo_sentence_word_context
1314,262,ar,الحقوق القانونية,الحقوق | القانونية,2,4,مثال حيوان جائزة حقوق الطبع والنشر,pseudo_sentence_word_context
1315,262,ar,طعام,طعام,4,5,مثال حيوان جائزة حقوق الطبع والنشر,pseudo_sentence_word_context
1316,262,ar,ماء,ماء,5,6,مثال حيوان جائزة حقوق الطبع والنشر,pseudo_sentence_word_context
1317,262,ar,الطب البيطري,الطب | البيطري,6,8,مثال حيوان جائزة حقوق الطبع والنشر,isolated_word_fallback_span_out_of_range
1318,263,ar,مقبض,مقبض,0,1,يفعل الحجة المضادة آخر الجنس البشري مرفوض حماية قانون كعب لون جلد,pseudo_sentence_word_context
1319,263,ar,المتلقي,المتلقي,1,2,يفعل الحجة المضادة آخر الجنس البشري مرفوض حماية قانون كعب لون جلد,pseudo_sentence_word_context
1320,263,ar,فكرة,فكرة,2,3,يفعل الحجة المضادة آخر الجنس البشري مرفوض حماية قانون كعب لون جلد,pseudo_sentence_word_context
1321,263,ar,الحيوانات,الحيوانات,3,4,يفعل الحجة المضادة آخر الجنس البشري مرفوض حماية قانون كعب لون جلد,pseudo_sentence_word_context
1322,263,ar,معترف به,معترف | به,4,6,يفعل الحجة المضادة آخر الجنس البشري مرفوض حماية قانون كعب لون جلد,pseudo_sentence_word_context
1323,263,ar,أساسي,أساسي,6,7,يفعل الحجة المضادة آخر الجنس البشري مرفوض حماية قانون كعب لون جلد,pseudo_sentence_word_context
1324,263,ar,الحقوق القانونية,الحقوق | القانونية,7,9,يفعل الحجة المضادة آخر الجنس البشري مرفوض حماية قانون كعب لون جلد,pseudo_sentence_word_context
1325,263,ar,غير مسبوق,غير | مسبوق,9,11,يفعل الحجة المضادة آخر الجنس البشري مرفوض حماية قانون كعب لون جلد,pseudo_sentence_word_context
1326,263,ar,سنين,سنين,11,12,يفعل الحجة المضادة آخر الجنس البشري مرفوض حماية قانون كعب لون جلد,pseudo_sentence_word_context
1327,263,ar,الأرجنتين,الأرجنتين,12,13,يفعل الحجة المضادة آخر الجنس البشري مرفوض حماية قانون كعب لون جلد,isolated_word_fallback_span_out_of_range
1328,263,ar,يحكم على,يحكم | على,13,15,يفعل الحجة المضادة آخر الجنس البشري مرفوض حماية قانون كعب لون جلد,isolated_word_fallback_span_out_of_range
1329,263,ar,جائزة,جائزة,15,16,يفعل الحجة المضادة آخر الجنس البشري مرفوض حماية قانون كعب لون جلد,isolated_word_fallback_span_out_of_range
1330,264,ar,التماس,التماس,0,1,يرى تناقض تفسير يرى مشكلة أيام,pseudo_sentence_word_context
1331,264,ar,مُقَدَّم,مُقَدَّم,1,2,يرى تناقض تفسير يرى مشكلة أيام,pseudo_sentence_word_context
1332,264,ar,باسم,باسم,2,3,يرى تناقض تفسير يرى مشكلة أيام,pseudo_sentence_word_context
1333,264,ar,بوينس آيرس,بوينس | آيرس,3,5,يرى تناقض تفسير يرى مشكلة أيام,pseudo_sentence_word_context
1334,264,ar,محتجز,محتجز,5,6,يرى تناقض تفسير يرى مشكلة أيام,pseudo_sentence_word_context
1335,264,ar,صغير الحجم,صغير | الحجم,6,8,يرى تناقض تفسير يرى مشكلة أيام,isolated_word_fallback_span_out_of_range
1336,265,ar,سيء,سيء,0,1,ينظر الأساسيات,pseudo_sentence_word_context
1337,265,ar,قفص,قفص,1,2,ينظر الأساسيات,pseudo_sentence_word_context
1338,266,ar,يحكم على,يحكم | على,0,2,التمدد,isolated_word_fallback_span_out_of_range
1339,267,ar,مقرر,مقرر,0,1,استراحة لحظة إجابة,pseudo_sentence_word_context
1340,267,ar,إنسان الغاب,إنسان | الغاب,1,3,استراحة لحظة إجابة,pseudo_sentence_word_context
1341,267,ar,الحقوق الأساسية,الحقوق | الأساسية,3,5,استراحة لحظة إجابة,isolated_word_fallback_span_out_of_range
1342,268,ar,شخص,شخص,0,1,مقارنة القرود نقص حقوق الطبع والنشر العبودية المنقولة جارح مرئي انبهار عنصري تاريخ مقارنة السود القرود,pseudo_sentence_word_context
1343,268,ar,مشتمل,مشتمل,1,2,مقارنة القرود نقص حقوق الطبع والنشر العبودية المنقولة جارح مرئي انبهار عنصري تاريخ مقارنة السود القرود,pseudo_sentence_word_context
1344,268,ar,حرية,حرية,2,3,مقارنة القرود نقص حقوق الطبع والنشر العبودية المنقولة جارح مرئي انبهار عنصري تاريخ مقارنة السود القرود,pseudo_sentence_word_context
1345,268,ar,جديد,جديد,3,4,مقارنة القرود نقص حقوق الطبع والنشر العبودية المنقولة جارح مرئي انبهار عنصري تاريخ مقارنة السود القرود,pseudo_sentence_word_context
1346,268,ar,ولاية,ولاية,4,5,مقارنة القرود نقص حقوق الطبع والنشر العبودية المنقولة جارح مرئي انبهار عنصري تاريخ مقارنة السود القرود,pseudo_sentence_word_context
1347,268,ar,محامي,محامي,5,6,مقارنة القرود نقص حقوق الطبع والنشر العبودية المنقولة جارح مرئي انبهار عنصري تاريخ مقارنة السود القرود,pseudo_sentence_word_context
1348,268,ar,يكافح,يكافح,6,7,مقارنة القرود نقص حقوق الطبع والنشر العبودية المنقولة جارح مرئي انبهار عنصري تاريخ مقارنة السود القرود,pseudo_sentence_word_context
1349,268,ar,المحاكم,المحاكم,7,8,مقارنة القرود نقص حقوق الطبع والنشر العبودية المنقولة جارح مرئي انبهار عنصري تاريخ مقارنة السود القرود,pseudo_sentence_word_context
1350,268,ar,يتعرف على,يتعرف | على,8,10,مقارنة القرود نقص حقوق الطبع والنشر العبودية المنقولة جارح مرئي انبهار عنصري تاريخ مقارنة السود القرود,pseudo_sentence_word_context
1351,268,ar,سجين,سجين,10,11,مقارنة القرود نقص حقوق الطبع والنشر العبودية المنقولة جارح مرئي انبهار عنصري تاريخ مقارنة السود القرود,pseudo_sentence_word_context
1352,268,ar,الناس,الناس,11,12,مقارنة القرود نقص حقوق الطبع والنشر العبودية المنقولة جارح مرئي انبهار عنصري تاريخ مقارنة السود القرود,pseudo_sentence_word_context
1353,268,ar,جدير بالثناء,جدير | بالثناء,12,14,مقارنة القرود نقص حقوق الطبع والنشر العبودية المنقولة جارح مرئي انبهار عنصري تاريخ مقارنة السود القرود,pseudo_sentence_word_context
1354,268,ar,الحقوق القانونية,الحقوق | القانونية,14,16,مقارنة القرود نقص حقوق الطبع والنشر العبودية المنقولة جارح مرئي انبهار عنصري تاريخ مقارنة السود القرود,pseudo_sentence_word_context
1355,268,ar,الشركات,الشركات,16,17,مقارنة القرود نقص حقوق الطبع والنشر العبودية المنقولة جارح مرئي انبهار عنصري تاريخ مقارنة السود القرود,isolated_word_fallback_span_out_of_range
1356,268,ar,شيء,شيء,17,18,مقارنة القرود نقص حقوق الطبع والنشر العبودية المنقولة جارح مرئي انبهار عنصري تاريخ مقارنة السود القرود,isolated_word_fallback_span_out_of_range
1357,268,ar,مصور,مصور,18,19,مقارنة القرود نقص حقوق الطبع والنشر العبودية المنقولة جارح مرئي انبهار عنصري تاريخ مقارنة السود القرود,isolated_word_fallback_span_out_of_range
1358,269,ar,سو,سو,0,1,مرئي غير مريح,pseudo_sentence_word_context
1359,269,ar,قرد,قرد,1,2,مرئي غير مريح,pseudo_sentence_word_context
1360,269,ar,يوافق,يوافق,2,3,مرئي غير مريح,pseudo_sentence_word_context
1361,270,ar,نقطة,نقطة,0,1,الحد الأقصى الإنكار قرد امتلاك عقار نفس الإنكار الجنس البشري امتلاك عقار لون جلد,pseudo_sentence_word_context
1362,270,ar,حقيقة,حقيقة,1,2,الحد الأقصى الإنكار قرد امتلاك عقار نفس الإنكار الجنس البشري امتلاك عقار لون جلد,pseudo_sentence_word_context
1363,270,ar,مستخدم,مستخدم,2,3,الحد الأقصى الإنكار قرد امتلاك عقار نفس الإنكار الجنس البشري امتلاك عقار لون جلد,pseudo_sentence_word_context
1364,270,ar,يحمي,يحمي,3,4,الحد الأقصى الإنكار قرد امتلاك عقار نفس الإنكار الجنس البشري امتلاك عقار لون جلد,pseudo_sentence_word_context
1365,270,ar,أصدقاء,أصدقاء,4,5,الحد الأقصى الإنكار قرد امتلاك عقار نفس الإنكار الجنس البشري امتلاك عقار لون جلد,pseudo_sentence_word_context
1366,270,ar,تذمر,تذمر,5,6,الحد الأقصى الإنكار قرد امتلاك عقار نفس الإنكار الجنس البشري امتلاك عقار لون جلد,pseudo_sentence_word_context
1367,270,ar,حركات بهلوانية,حركات | بهلوانية,6,8,الحد الأقصى الإنكار قرد امتلاك عقار نفس الإنكار الجنس البشري امتلاك عقار لون جلد,pseudo_sentence_word_context
1368,270,ar,عبد,عبد,8,9,الحد الأقصى الإنكار قرد امتلاك عقار نفس الإنكار الجنس البشري امتلاك عقار لون جلد,pseudo_sentence_word_context
1369,270,ar,رحلة,رحلة,9,10,الحد الأقصى الإنكار قرد امتلاك عقار نفس الإنكار الجنس البشري امتلاك عقار لون جلد,pseudo_sentence_word_context
1370,270,ar,يحمي,يحمي,10,11,الحد الأقصى الإنكار قرد امتلاك عقار نفس الإنكار الجنس البشري امتلاك عقار لون جلد,pseudo_sentence_word_context
1371,270,ar,بري,بري,11,12,الحد الأقصى الإنكار قرد امتلاك عقار نفس الإنكار الجنس البشري امتلاك عقار لون جلد,pseudo_sentence_word_context
1372,270,ar,الخنازير,الخنازير,12,13,الحد الأقصى الإنكار قرد امتلاك عقار نفس الإنكار الجنس البشري امتلاك عقار لون جلد,pseudo_sentence_word_context
1373,270,ar,منزل,منزل,13,14,الحد الأقصى الإنكار قرد امتلاك عقار نفس الإنكار الجنس البشري امتلاك عقار لون جلد,pseudo_sentence_word_context
1374,270,ar,إنجلترا,إنجلترا,14,15,الحد الأقصى الإنكار قرد امتلاك عقار نفس الإنكار الجنس البشري امتلاك عقار لون جلد,isolated_word_fallback_span_out_of_range
1375,271,ar,الأكبر,الأكبر,0,1,تمدد,pseudo_sentence_word_context
1376,272,ar,عار,عار,0,1,عفو,pseudo_sentence_word_context
1377,273,ar,صالح,صالح,0,1,تمدد,pseudo_sentence_word_context
1378,274,ar,محاولة,محاولة,0,1,يذهب,pseudo_sentence_word_context
1379,275,ar,يحقق,يحقق,0,1,يفعل منسق مطالبة اليوم,pseudo_sentence_word_context
1380,275,ar,له,له,1,2,يفعل منسق مطالبة اليوم,pseudo_sentence_word_context
1381,275,ar,هدف,هدف,2,3,يفعل منسق مطالبة اليوم,pseudo_sentence_word_context
1382,275,ar,توفير,توفير,3,4,يفعل منسق مطالبة اليوم,pseudo_sentence_word_context
1383,276,ar,الحيوانات,الحيوانات,0,1,عدل يقول التبني أربعة عشر الرتق المفاهيم ملكية العقارات منطقة براءات الاختراع قدرة عبد مطالبة ملكية براءة اختراع,pseudo_sentence_word_context
1384,276,ar,معاناة,معاناة,1,2,عدل يقول التبني أربعة عشر الرتق المفاهيم ملكية العقارات منطقة براءات الاختراع قدرة عبد مطالبة ملكية براءة اختراع,pseudo_sentence_word_context
1385,276,ar,النبيل,النبيل,2,3,عدل يقول التبني أربعة عشر الرتق المفاهيم ملكية العقارات منطقة براءات الاختراع قدرة عبد مطالبة ملكية براءة اختراع,pseudo_sentence_word_context
1386,276,ar,سبب,سبب,3,4,عدل يقول التبني أربعة عشر الرتق المفاهيم ملكية العقارات منطقة براءات الاختراع قدرة عبد مطالبة ملكية براءة اختراع,pseudo_sentence_word_context
1387,276,ar,يفكر,يفكر,4,5,عدل يقول التبني أربعة عشر الرتق المفاهيم ملكية العقارات منطقة براءات الاختراع قدرة عبد مطالبة ملكية براءة اختراع,pseudo_sentence_word_context
1388,276,ar,محمول,محمول,5,6,عدل يقول التبني أربعة عشر الرتق المفاهيم ملكية العقارات منطقة براءات الاختراع قدرة عبد مطالبة ملكية براءة اختراع,pseudo_sentence_word_context
1389,276,ar,قوة,قوة,6,7,عدل يقول التبني أربعة عشر الرتق المفاهيم ملكية العقارات منطقة براءات الاختراع قدرة عبد مطالبة ملكية براءة اختراع,pseudo_sentence_word_context
1390,276,ar,حقيقة,حقيقة,7,8,عدل يقول التبني أربعة عشر الرتق المفاهيم ملكية العقارات منطقة براءات الاختراع قدرة عبد مطالبة ملكية براءة اختراع,pseudo_sentence_word_context
1391,276,ar,مجموعة,مجموعة,8,9,عدل يقول التبني أربعة عشر الرتق المفاهيم ملكية العقارات منطقة براءات الاختراع قدرة عبد مطالبة ملكية براءة اختراع,pseudo_sentence_word_context
1392,276,ar,يكتب,يكتب,9,10,عدل يقول التبني أربعة عشر الرتق المفاهيم ملكية العقارات منطقة براءات الاختراع قدرة عبد مطالبة ملكية براءة اختراع,pseudo_sentence_word_context
1393,276,ar,حزب,حزب,10,11,عدل يقول التبني أربعة عشر الرتق المفاهيم ملكية العقارات منطقة براءات الاختراع قدرة عبد مطالبة ملكية براءة اختراع,pseudo_sentence_word_context
1394,276,ar,صحة,صحة,11,12,عدل يقول التبني أربعة عشر الرتق المفاهيم ملكية العقارات منطقة براءات الاختراع قدرة عبد مطالبة ملكية براءة اختراع,pseudo_sentence_word_context
1395,276,ar,الخصوم,الخصوم,12,13,عدل يقول التبني أربعة عشر الرتق المفاهيم ملكية العقارات منطقة براءات الاختراع قدرة عبد مطالبة ملكية براءة اختراع,pseudo_sentence_word_context
1396,276,ar,يفعل,يفعل,13,14,عدل يقول التبني أربعة عشر الرتق المفاهيم ملكية العقارات منطقة براءات الاختراع قدرة عبد مطالبة ملكية براءة اختراع,pseudo_sentence_word_context
1397,276,ar,قف,قف,14,15,عدل يقول التبني أربعة عشر الرتق المفاهيم ملكية العقارات منطقة براءات الاختراع قدرة عبد مطالبة ملكية براءة اختراع,pseudo_sentence_word_context
1398,276,ar,يفكر,يفكر,15,16,عدل يقول التبني أربعة عشر الرتق المفاهيم ملكية العقارات منطقة براءات الاختراع قدرة عبد مطالبة ملكية براءة اختراع,pseudo_sentence_word_context
1399,276,ar,انتظر,انتظر,16,17,عدل يقول التبني أربعة عشر الرتق المفاهيم ملكية العقارات منطقة براءات الاختراع قدرة عبد مطالبة ملكية براءة اختراع,pseudo_sentence_word_context
1400,276,ar,دقيقة,دقيقة,17,18,عدل يقول التبني أربعة عشر الرتق المفاهيم ملكية العقارات منطقة براءات الاختراع قدرة عبد مطالبة ملكية براءة اختراع,pseudo_sentence_word_context
1401,277,ar,نقطة,نقطة,0,1,ذاهب الرائي قرد صورة سيلفي قضية اتصال بيجوت نهاية اللعبة,pseudo_sentence_word_context
1402,277,ar,يفكر,يفكر,1,2,ذاهب الرائي قرد صورة سيلفي قضية اتصال بيجوت نهاية اللعبة,pseudo_sentence_word_context
1403,277,ar,فلسفة,فلسفة,2,3,ذاهب الرائي قرد صورة سيلفي قضية اتصال بيجوت نهاية اللعبة,pseudo_sentence_word_context
1404,277,ar,سبب,سبب,3,4,ذاهب الرائي قرد صورة سيلفي قضية اتصال بيجوت نهاية اللعبة,pseudo_sentence_word_context
1405,277,ar,الحياة البرية,الحياة | البرية,4,6,ذاهب الرائي قرد صورة سيلفي قضية اتصال بيجوت نهاية اللعبة,pseudo_sentence_word_context
1406,277,ar,الشخصيات,الشخصيات,6,7,ذاهب الرائي قرد صورة سيلفي قضية اتصال بيجوت نهاية اللعبة,pseudo_sentence_word_context
1407,277,ar,جزء,جزء,7,8,ذاهب الرائي قرد صورة سيلفي قضية اتصال بيجوت نهاية اللعبة,pseudo_sentence_word_context
1408,277,ar,جزء,جزء,8,9,ذاهب الرائي قرد صورة سيلفي قضية اتصال بيجوت نهاية اللعبة,pseudo_sentence_word_context
1409,277,ar,محكمة,محكمة,9,10,ذاهب الرائي قرد صورة سيلفي قضية اتصال بيجوت نهاية اللعبة,pseudo_sentence_word_context
1410,277,ar,قضية,قضية,10,11,ذاهب الرائي قرد صورة سيلفي قضية اتصال بيجوت نهاية اللعبة,isolated_word_fallback_span_out_of_range
1411,278,ar,حمولة,حمولة,0,1,محكمة يوافق الإنكار قرد امتلاك عقار له الإنكار بشر امتلاك عقار يفتح باب القضاء إعادة النظر الوضع القانوني الحيوانات,pseudo_sentence_word_context
1412,278,ar,الحيوانات,الحيوانات,1,2,محكمة يوافق الإنكار قرد امتلاك عقار له الإنكار بشر امتلاك عقار يفتح باب القضاء إعادة النظر الوضع القانوني الحيوانات,pseudo_sentence_word_context
1413,278,ar,رخام,رخام,2,3,محكمة يوافق الإنكار قرد امتلاك عقار له الإنكار بشر امتلاك عقار يفتح باب القضاء إعادة النظر الوضع القانوني الحيوانات,pseudo_sentence_word_context
1414,278,ar,الحقوق الأساسية,الحقوق | الأساسية,3,5,محكمة يوافق الإنكار قرد امتلاك عقار له الإنكار بشر امتلاك عقار يفتح باب القضاء إعادة النظر الوضع القانوني الحيوانات,pseudo_sentence_word_context
1415,278,ar,احترام,احترام,5,6,محكمة يوافق الإنكار قرد امتلاك عقار له الإنكار بشر امتلاك عقار يفتح باب القضاء إعادة النظر الوضع القانوني الحيوانات,pseudo_sentence_word_context
1416,278,ar,وصول,وصول,6,7,محكمة يوافق الإنكار قرد امتلاك عقار له الإنكار بشر امتلاك عقار يفتح باب القضاء إعادة النظر الوضع القانوني الحيوانات,pseudo_sentence_word_context
1417,278,ar,عتيق,عتيق,7,8,محكمة يوافق الإنكار قرد امتلاك عقار له الإنكار بشر امتلاك عقار يفتح باب القضاء إعادة النظر الوضع القانوني الحيوانات,pseudo_sentence_word_context
1418,278,ar,الغابات,الغابات,8,9,محكمة يوافق الإنكار قرد امتلاك عقار له الإنكار بشر امتلاك عقار يفتح باب القضاء إعادة النظر الوضع القانوني الحيوانات,pseudo_sentence_word_context
1419,278,ar,وصول,وصول,9,10,محكمة يوافق الإنكار قرد امتلاك عقار له الإنكار بشر امتلاك عقار يفتح باب القضاء إعادة النظر الوضع القانوني الحيوانات,pseudo_sentence_word_context
1420,278,ar,طعام,طعام,10,11,محكمة يوافق الإنكار قرد امتلاك عقار له الإنكار بشر امتلاك عقار يفتح باب القضاء إعادة النظر الوضع القانوني الحيوانات,pseudo_sentence_word_context
1421,278,ar,حقوق الحيوان,حقوق | الحيوان,11,13,محكمة يوافق الإنكار قرد امتلاك عقار له الإنكار بشر امتلاك عقار يفتح باب القضاء إعادة النظر الوضع القانوني الحيوانات,pseudo_sentence_word_context
1422,278,ar,محامي,محامي,13,14,محكمة يوافق الإنكار قرد امتلاك عقار له الإنكار بشر امتلاك عقار يفتح باب القضاء إعادة النظر الوضع القانوني الحيوانات,pseudo_sentence_word_context
1423,278,ar,ضائع,ضائع,14,15,محكمة يوافق الإنكار قرد امتلاك عقار له الإنكار بشر امتلاك عقار يفتح باب القضاء إعادة النظر الوضع القانوني الحيوانات,pseudo_sentence_word_context
1424,278,ar,دائري,دائري,15,16,محكمة يوافق الإنكار قرد امتلاك عقار له الإنكار بشر امتلاك عقار يفتح باب القضاء إعادة النظر الوضع القانوني الحيوانات,pseudo_sentence_word_context
1425,278,ar,محكمة,محكمة,16,17,محكمة يوافق الإنكار قرد امتلاك عقار له الإنكار بشر امتلاك عقار يفتح باب القضاء إعادة النظر الوضع القانوني الحيوانات,pseudo_sentence_word_context
1426,278,ar,مُسَمًّى,مُسَمًّى,17,18,محكمة يوافق الإنكار قرد امتلاك عقار له الإنكار بشر امتلاك عقار يفتح باب القضاء إعادة النظر الوضع القانوني الحيوانات,pseudo_sentence_word_context
1427,278,ar,يخبر,يخبر,18,19,محكمة يوافق الإنكار قرد امتلاك عقار له الإنكار بشر امتلاك عقار يفتح باب القضاء إعادة النظر الوضع القانوني الحيوانات,pseudo_sentence_word_context
1428,278,ar,أخبار,أخبار,19,20,محكمة يوافق الإنكار قرد امتلاك عقار له الإنكار بشر امتلاك عقار يفتح باب القضاء إعادة النظر الوضع القانوني الحيوانات,isolated_word_fallback_span_out_of_range
1429,278,ar,درس,درس,20,21,محكمة يوافق الإنكار قرد امتلاك عقار له الإنكار بشر امتلاك عقار يفتح باب القضاء إعادة النظر الوضع القانوني الحيوانات,isolated_word_fallback_span_out_of_range
1430,279,ar,يقول,يقول,0,1,حيوان سيتم الإعلان عنه لاحقاً أصل أصل,pseudo_sentence_word_context
1431,279,ar,بالطبع,بالطبع,1,2,حيوان سيتم الإعلان عنه لاحقاً أصل أصل,pseudo_sentence_word_context
1432,279,ar,بالطبع,بالطبع,2,3,حيوان سيتم الإعلان عنه لاحقاً أصل أصل,pseudo_sentence_word_context
1433,279,ar,رمي,رمي,3,4,حيوان سيتم الإعلان عنه لاحقاً أصل أصل,pseudo_sentence_word_context
1434,279,ar,يقول,يقول,4,5,حيوان سيتم الإعلان عنه لاحقاً أصل أصل,pseudo_sentence_word_context
1435,279,ar,طريق,طريق,5,6,حيوان سيتم الإعلان عنه لاحقاً أصل أصل,pseudo_sentence_word_context
1436,279,ar,يذهب,يذهب,6,7,حيوان سيتم الإعلان عنه لاحقاً أصل أصل,pseudo_sentence_word_context
1437,280,ar,قرد,قرد,0,1,وقت حاول مطالبة المحاكم,pseudo_sentence_word_context
1438,280,ar,جاذبية,جاذبية,1,2,وقت حاول مطالبة المحاكم,pseudo_sentence_word_context
1439,280,ar,صباح الخير,صباح | الخير,2,4,وقت حاول مطالبة المحاكم,pseudo_sentence_word_context
1440,280,ar,التميز,التميز,4,5,وقت حاول مطالبة المحاكم,isolated_word_fallback_span_out_of_range
1441,281,ar,محكمة,محكمة,0,1,سو باسم دييغو,pseudo_sentence_word_context
1442,281,ar,باسم,باسم,1,2,سو باسم دييغو,pseudo_sentence_word_context
1443,281,ar,المستأنف,المستأنف,2,3,سو باسم دييغو,pseudo_sentence_word_context
1444,282,ar,قضية,قضية,0,1,مغلق قدم,pseudo_sentence_word_context
1445,282,ar,القضاة,القضاة,1,2,مغلق قدم,pseudo_sentence_word_context
1446,283,ar,محكمة,محكمة,0,1,يعتبر أطنان,pseudo_sentence_word_context
1447,283,ar,محكمة الاستئناف,محكمة | الاستئناف,1,3,يعتبر أطنان,isolated_word_fallback_span_out_of_range
1448,284,ar,لافتة,لافتة,0,1,يسافر مايلز يوم,pseudo_sentence_word_context
1449,284,ar,الفائزون,الفائزون,1,2,يسافر مايلز يوم,pseudo_sentence_word_context
1450,284,ar,يسافر,يسافر,2,3,يسافر مايلز يوم,pseudo_sentence_word_context
1451,285,ar,منع,منع,0,1,يقول حفظ صغير أسمنت دبابات يؤدي بشر ترفيه العبودية,pseudo_sentence_word_context
1452,285,ar,سنة,سنة,1,2,يقول حفظ صغير أسمنت دبابات يؤدي بشر ترفيه العبودية,pseudo_sentence_word_context
1453,285,ar,قضية,قضية,2,3,يقول حفظ صغير أسمنت دبابات يؤدي بشر ترفيه العبودية,pseudo_sentence_word_context
1454,285,ar,القضاة,القضاة,3,4,يقول حفظ صغير أسمنت دبابات يؤدي بشر ترفيه العبودية,pseudo_sentence_word_context
1455,285,ar,فوضى,فوضى,4,5,يقول حفظ صغير أسمنت دبابات يؤدي بشر ترفيه العبودية,pseudo_sentence_word_context
1456,285,ar,صنع,صنع,5,6,يقول حفظ صغير أسمنت دبابات يؤدي بشر ترفيه العبودية,pseudo_sentence_word_context
1457,285,ar,ثوانٍ,ثوانٍ,6,7,يقول حفظ صغير أسمنت دبابات يؤدي بشر ترفيه العبودية,pseudo_sentence_word_context
1458,285,ar,شفوي,شفوي,7,8,يقول حفظ صغير أسمنت دبابات يؤدي بشر ترفيه العبودية,pseudo_sentence_word_context
1459,285,ar,مطالبة,مطالبة,8,9,يقول حفظ صغير أسمنت دبابات يؤدي بشر ترفيه العبودية,pseudo_sentence_word_context
1460,286,ar,القضاة,القضاة,0,1,ضائع قضية,pseudo_sentence_word_context
1461,286,ar,مضطرب,مضطرب,1,2,ضائع قضية,pseudo_sentence_word_context
1462,287,ar,احترام,احترام,0,1,متفق نهاية سجين الحوت القاتل يخطط آخر ميت,pseudo_sentence_word_context
1463,287,ar,تمهيدي,تمهيدي,1,2,متفق نهاية سجين الحوت القاتل يخطط آخر ميت,pseudo_sentence_word_context
1464,287,ar,سؤال,سؤال,2,3,متفق نهاية سجين الحوت القاتل يخطط آخر ميت,pseudo_sentence_word_context
1465,287,ar,عنوان,عنوان,3,4,متفق نهاية سجين الحوت القاتل يخطط آخر ميت,pseudo_sentence_word_context
1466,287,ar,منصة,منصة,4,5,متفق نهاية سجين الحوت القاتل يخطط آخر ميت,pseudo_sentence_word_context
1467,287,ar,المحامون,المحامون,5,6,متفق نهاية سجين الحوت القاتل يخطط آخر ميت,pseudo_sentence_word_context
1468,287,ar,القضاة,القضاة,6,7,متفق نهاية سجين الحوت القاتل يخطط آخر ميت,pseudo_sentence_word_context
1469,287,ar,مناقشة,مناقشة,7,8,متفق نهاية سجين الحوت القاتل يخطط آخر ميت,pseudo_sentence_word_context
1470,288,ar,قضية,قضية,0,1,يفهم المطارد حالات يعتبر مختلف صور عالم عامل,pseudo_sentence_word_context
1471,288,ar,قانون,قانون,1,2,يفهم المطارد حالات يعتبر مختلف صور عالم عامل,pseudo_sentence_word_context
1472,288,ar,القضاة,القضاة,2,3,يفهم المطارد حالات يعتبر مختلف صور عالم عامل,pseudo_sentence_word_context
1473,288,ar,حبكة,حبكة,3,4,يفهم المطارد حالات يعتبر مختلف صور عالم عامل,pseudo_sentence_word_context
1474,288,ar,أسئلة,أسئلة,4,5,يفهم المطارد حالات يعتبر مختلف صور عالم عامل,pseudo_sentence_word_context
1475,288,ar,معتمد,معتمد,5,6,يفهم المطارد حالات يعتبر مختلف صور عالم عامل,pseudo_sentence_word_context
1476,288,ar,التالي,التالي,6,7,يفهم المطارد حالات يعتبر مختلف صور عالم عامل,pseudo_sentence_word_context
1477,288,ar,صديق,صديق,7,8,يفهم المطارد حالات يعتبر مختلف صور عالم عامل,pseudo_sentence_word_context
1478,289,ar,لا أعرف.,لا | أعرف,0,2,الجنس البشري رأس السلسلة الغذائية مطلوب طريق لقد فهمنا. يستخدم الإبهام مطاردة يجمع أرض يبني المدن يخلق قوانين حقوق النشر,pseudo_sentence_word_context
1479,289,ar,قرد,قرد,2,3,الجنس البشري رأس السلسلة الغذائية مطلوب طريق لقد فهمنا. يستخدم الإبهام مطاردة يجمع أرض يبني المدن يخلق قوانين حقوق النشر,pseudo_sentence_word_context
1480,289,ar,حمولة,حمولة,3,4,الجنس البشري رأس السلسلة الغذائية مطلوب طريق لقد فهمنا. يستخدم الإبهام مطاردة يجمع أرض يبني المدن يخلق قوانين حقوق النشر,pseudo_sentence_word_context
1481,289,ar,قسم,قسم,4,5,الجنس البشري رأس السلسلة الغذائية مطلوب طريق لقد فهمنا. يستخدم الإبهام مطاردة يجمع أرض يبني المدن يخلق قوانين حقوق النشر,pseudo_sentence_word_context
1482,289,ar,بضع دقائق,بضع | دقائق,5,7,الجنس البشري رأس السلسلة الغذائية مطلوب طريق لقد فهمنا. يستخدم الإبهام مطاردة يجمع أرض يبني المدن يخلق قوانين حقوق النشر,pseudo_sentence_word_context
1483,289,ar,يحكم على,يحكم | على,7,9,الجنس البشري رأس السلسلة الغذائية مطلوب طريق لقد فهمنا. يستخدم الإبهام مطاردة يجمع أرض يبني المدن يخلق قوانين حقوق النشر,pseudo_sentence_word_context
1484,289,ar,الاضطرابات,الاضطرابات,9,10,الجنس البشري رأس السلسلة الغذائية مطلوب طريق لقد فهمنا. يستخدم الإبهام مطاردة يجمع أرض يبني المدن يخلق قوانين حقوق النشر,pseudo_sentence_word_context
1485,289,ar,يستكشف,يستكشف,10,11,الجنس البشري رأس السلسلة الغذائية مطلوب طريق لقد فهمنا. يستخدم الإبهام مطاردة يجمع أرض يبني المدن يخلق قوانين حقوق النشر,pseudo_sentence_word_context
1486,289,ar,إصابة,إصابة,11,12,الجنس البشري رأس السلسلة الغذائية مطلوب طريق لقد فهمنا. يستخدم الإبهام مطاردة يجمع أرض يبني المدن يخلق قوانين حقوق النشر,pseudo_sentence_word_context
1487,289,ar,قانوني,قانوني,12,13,الجنس البشري رأس السلسلة الغذائية مطلوب طريق لقد فهمنا. يستخدم الإبهام مطاردة يجمع أرض يبني المدن يخلق قوانين حقوق النشر,pseudo_sentence_word_context
1488,289,ar,شرط,شرط,13,14,الجنس البشري رأس السلسلة الغذائية مطلوب طريق لقد فهمنا. يستخدم الإبهام مطاردة يجمع أرض يبني المدن يخلق قوانين حقوق النشر,pseudo_sentence_word_context
1489,289,ar,إصابة,إصابة,14,15,الجنس البشري رأس السلسلة الغذائية مطلوب طريق لقد فهمنا. يستخدم الإبهام مطاردة يجمع أرض يبني المدن يخلق قوانين حقوق النشر,pseudo_sentence_word_context
1490,289,ar,ضرر,ضرر,15,16,الجنس البشري رأس السلسلة الغذائية مطلوب طريق لقد فهمنا. يستخدم الإبهام مطاردة يجمع أرض يبني المدن يخلق قوانين حقوق النشر,pseudo_sentence_word_context
1491,289,ar,إصابة,إصابة,16,17,الجنس البشري رأس السلسلة الغذائية مطلوب طريق لقد فهمنا. يستخدم الإبهام مطاردة يجمع أرض يبني المدن يخلق قوانين حقوق النشر,pseudo_sentence_word_context
1492,289,ar,طريق,طريق,17,18,الجنس البشري رأس السلسلة الغذائية مطلوب طريق لقد فهمنا. يستخدم الإبهام مطاردة يجمع أرض يبني المدن يخلق قوانين حقوق النشر,pseudo_sentence_word_context
1493,289,ar,شراء,شراء,18,19,الجنس البشري رأس السلسلة الغذائية مطلوب طريق لقد فهمنا. يستخدم الإبهام مطاردة يجمع أرض يبني المدن يخلق قوانين حقوق النشر,pseudo_sentence_word_context
1494,289,ar,يمسك,يمسك,19,20,الجنس البشري رأس السلسلة الغذائية مطلوب طريق لقد فهمنا. يستخدم الإبهام مطاردة يجمع أرض يبني المدن يخلق قوانين حقوق النشر,pseudo_sentence_word_context
1495,289,ar,مال,مال,20,21,الجنس البشري رأس السلسلة الغذائية مطلوب طريق لقد فهمنا. يستخدم الإبهام مطاردة يجمع أرض يبني المدن يخلق قوانين حقوق النشر,isolated_word_fallback_span_out_of_range
1496,289,ar,حقوق الطبع والنشر,حقوق | الطبع | والنشر,21,24,الجنس البشري رأس السلسلة الغذائية مطلوب طريق لقد فهمنا. يستخدم الإبهام مطاردة يجمع أرض يبني المدن يخلق قوانين حقوق النشر,isolated_word_fallback_span_out_of_range
1497,289,ar,يعطي,يعطي,24,25,الجنس البشري رأس السلسلة الغذائية مطلوب طريق لقد فهمنا. يستخدم الإبهام مطاردة يجمع أرض يبني المدن يخلق قوانين حقوق النشر,isolated_word_fallback_span_out_of_range
1498,290,ar,خسائر,خسائر,0,1,يخلق قواعد عالم,pseudo_sentence_word_context
1499,290,ar,سمعة,سمعة,1,2,يخلق قواعد عالم,pseudo_sentence_word_context
1500,290,ar,اتهام,اتهام,2,3,يخلق قواعد عالم,pseudo_sentence_word_context
1501,291,ar,حقوق الطبع والنشر,حقوق | الطبع | والنشر,0,3,آخر صورة متكل حائط الجنس البشري رأس,pseudo_sentence_word_context
1502,291,ar,استمتعت,استمتعت,3,4,آخر صورة متكل حائط الجنس البشري رأس,pseudo_sentence_word_context
1503,291,ar,مالي,مالي,4,5,آخر صورة متكل حائط الجنس البشري رأس,pseudo_sentence_word_context
1504,291,ar,فوائد,فوائد,5,6,آخر صورة متكل حائط الجنس البشري رأس,pseudo_sentence_word_context
1505,291,ar,إخلاء,إخلاء,6,7,آخر صورة متكل حائط الجنس البشري رأس,pseudo_sentence_word_context
1506,291,ar,احترام,احترام,7,8,آخر صورة متكل حائط الجنس البشري رأس,isolated_word_fallback_span_out_of_range
1507,291,ar,اهتمام,اهتمام,8,9,آخر صورة متكل حائط الجنس البشري رأس,isolated_word_fallback_span_out_of_range
1508,292,ar,دور,دور,0,1,الجنس البشري الثدييات ذاهب أرض,pseudo_sentence_word_context
1509,292,ar,تعويض,تعويض,1,2,الجنس البشري الثدييات ذاهب أرض,pseudo_sentence_word_context
1510,292,ar,يريد,يريد,2,3,الجنس البشري الثدييات ذاهب أرض,pseudo_sentence_word_context
1511,292,ar,يعرف,يعرف,3,4,الجنس البشري الثدييات ذاهب أرض,pseudo_sentence_word_context
1512,292,ar,إصابة,إصابة,4,5,الجنس البشري الثدييات ذاهب أرض,pseudo_sentence_word_context
1513,293,ar,قضية,قضية,0,1,يعطي تأكيد حقوق الجنس البشري يمتد حقوق زميل الحيوانات,pseudo_sentence_word_context
1514,293,ar,يقول,يقول,1,2,يعطي تأكيد حقوق الجنس البشري يمتد حقوق زميل الحيوانات,pseudo_sentence_word_context
1515,293,ar,انتهاك حقوق النشر,انتهاك | حقوق | النشر,2,5,يعطي تأكيد حقوق الجنس البشري يمتد حقوق زميل الحيوانات,pseudo_sentence_word_context
1516,293,ar,إصابة,إصابة,5,6,يعطي تأكيد حقوق الجنس البشري يمتد حقوق زميل الحيوانات,pseudo_sentence_word_context
1517,293,ar,إصابة,إصابة,6,7,يعطي تأكيد حقوق الجنس البشري يمتد حقوق زميل الحيوانات,pseudo_sentence_word_context
1518,293,ar,قانوني,قانوني,7,8,يعطي تأكيد حقوق الجنس البشري يمتد حقوق زميل الحيوانات,pseudo_sentence_word_context
1519,293,ar,المزايا,المزايا,8,9,يعطي تأكيد حقوق الجنس البشري يمتد حقوق زميل الحيوانات,pseudo_sentence_word_context
1520,293,ar,قضية,قضية,9,10,يعطي تأكيد حقوق الجنس البشري يمتد حقوق زميل الحيوانات,isolated_word_fallback_span_out_of_range
1521,293,ar,ممتع,ممتع,10,11,يعطي تأكيد حقوق الجنس البشري يمتد حقوق زميل الحيوانات,isolated_word_fallback_span_out_of_range
1522,294,ar,السمع,السمع,0,1,شركة الحد الأقصى الجنس البشري الجزء العلوي حيوانات أخرى,pseudo_sentence_word_context
1523,294,ar,المحامون,المحامون,1,2,شركة الحد الأقصى الجنس البشري الجزء العلوي حيوانات أخرى,pseudo_sentence_word_context
1524,294,ar,يرمي,يرمي,2,3,شركة الحد الأقصى الجنس البشري الجزء العلوي حيوانات أخرى,pseudo_sentence_word_context
1525,294,ar,شروط,شروط,3,4,شركة الحد الأقصى الجنس البشري الجزء العلوي حيوانات أخرى,pseudo_sentence_word_context
1526,294,ar,قابلية الإصلاح,قابلية | الإصلاح,4,6,شركة الحد الأقصى الجنس البشري الجزء العلوي حيوانات أخرى,pseudo_sentence_word_context
1527,294,ar,تعويض,تعويض,6,7,شركة الحد الأقصى الجنس البشري الجزء العلوي حيوانات أخرى,pseudo_sentence_word_context
1528,294,ar,إصابة,إصابة,7,8,شركة الحد الأقصى الجنس البشري الجزء العلوي حيوانات أخرى,pseudo_sentence_word_context
1529,294,ar,يتصل,يتصل,8,9,شركة الحد الأقصى الجنس البشري الجزء العلوي حيوانات أخرى,pseudo_sentence_word_context
1530,294,ar,قرد,قرد,9,10,شركة الحد الأقصى الجنس البشري الجزء العلوي حيوانات أخرى,isolated_word_fallback_span_out_of_range
1531,295,ar,متوسط,متوسط,0,1,,isolated_word_fallback_span_out_of_range
1532,296,ar,يعطي,يعطي,0,1,صديق مملكة الحيوان يعرف,pseudo_sentence_word_context
1533,296,ar,قضية,قضية,1,2,صديق مملكة الحيوان يعرف,pseudo_sentence_word_context
1534,296,ar,يقول,يقول,2,3,صديق مملكة الحيوان يعرف,pseudo_sentence_word_context
1535,296,ar,انتهاك حقوق النشر,انتهاك | حقوق | النشر,3,6,صديق مملكة الحيوان يعرف,isolated_word_fallback_span_out_of_range
1536,297,ar,إصابة,إصابة,0,1,يؤذي مدفوع في كثير من الأحيان يرى,pseudo_sentence_word_context
1537,297,ar,يعتقد,يعتقد,1,2,يؤذي مدفوع في كثير من الأحيان يرى,pseudo_sentence_word_context
1538,297,ar,لا تفكر.,لا | تفكر,2,4,يؤذي مدفوع في كثير من الأحيان يرى,pseudo_sentence_word_context
1539,297,ar,منح,منح,4,5,يؤذي مدفوع في كثير من الأحيان يرى,pseudo_sentence_word_context
1540,297,ar,إصابة,إصابة,5,6,يؤذي مدفوع في كثير من الأحيان يرى,pseudo_sentence_word_context
1541,297,ar,القضاة,القضاة,6,7,يؤذي مدفوع في كثير من الأحيان يرى,pseudo_sentence_word_context
1542,297,ar,قضية,قضية,7,8,يؤذي مدفوع في كثير من الأحيان يرى,isolated_word_fallback_span_out_of_range
1543,298,ar,قانون,قانون,0,1,عام محامي,pseudo_sentence_word_context
1544,298,ar,قانوني,قانوني,1,2,عام محامي,pseudo_sentence_word_context
1545,299,ar,سابقة,سابقة,0,1,أصل حالة يفكر رجس,pseudo_sentence_word_context
1546,299,ar,تعريف,تعريف,1,2,أصل حالة يفكر رجس,pseudo_sentence_word_context
1547,299,ar,مؤلف,مؤلف,2,3,أصل حالة يفكر رجس,pseudo_sentence_word_context
1548,299,ar,بروتوكول,بروتوكول,3,4,أصل حالة يفكر رجس,pseudo_sentence_word_context
1549,300,ar,توصيل,توصيل,0,1,الحيوانات إحساس الكائنات الواعية,pseudo_sentence_word_context
1550,300,ar,منصة,منصة,1,2,الحيوانات إحساس الكائنات الواعية,pseudo_sentence_word_context
1551,300,ar,محامي,محامي,2,3,الحيوانات إحساس الكائنات الواعية,pseudo_sentence_word_context
1552,300,ar,سنين,سنين,3,4,الحيوانات إحساس الكائنات الواعية,pseudo_sentence_word_context
1553,301,ar,بحث,بحث,0,1,مستحق أساسي الحقوق القانونية طعام ماء الطب البيطري مقبض المتلقي,pseudo_sentence_word_context
1554,301,ar,قانوني,قانوني,1,2,مستحق أساسي الحقوق القانونية طعام ماء الطب البيطري مقبض المتلقي,pseudo_sentence_word_context
1555,301,ar,برادة,برادة,2,3,مستحق أساسي الحقوق القانونية طعام ماء الطب البيطري مقبض المتلقي,pseudo_sentence_word_context
1556,301,ar,شفوي,شفوي,3,4,مستحق أساسي الحقوق القانونية طعام ماء الطب البيطري مقبض المتلقي,pseudo_sentence_word_context
1557,301,ar,الحجج,الحجج,4,5,مستحق أساسي الحقوق القانونية طعام ماء الطب البيطري مقبض المتلقي,pseudo_sentence_word_context
1558,301,ar,طلب,طلب,5,6,مستحق أساسي الحقوق القانونية طعام ماء الطب البيطري مقبض المتلقي,pseudo_sentence_word_context
1559,301,ar,يفعل,يفعل,6,7,مستحق أساسي الحقوق القانونية طعام ماء الطب البيطري مقبض المتلقي,pseudo_sentence_word_context
1560,301,ar,محكمة,محكمة,7,8,مستحق أساسي الحقوق القانونية طعام ماء الطب البيطري مقبض المتلقي,pseudo_sentence_word_context
1561,301,ar,قرد,قرد,8,9,مستحق أساسي الحقوق القانونية طعام ماء الطب البيطري مقبض المتلقي,pseudo_sentence_word_context
1562,301,ar,يرى,يرى,9,10,مستحق أساسي الحقوق القانونية طعام ماء الطب البيطري مقبض المتلقي,pseudo_sentence_word_context
1563,302,ar,قرد,قرد,0,1,فكرة الحيوانات معترف به أساسي الحقوق القانونية غير مسبوق,pseudo_sentence_word_context
1564,302,ar,مقاضاة,مقاضاة,1,2,فكرة الحيوانات معترف به أساسي الحقوق القانونية غير مسبوق,pseudo_sentence_word_context
1565,302,ar,المحكمة الفيدرالية,المحكمة | الفيدرالية,2,4,فكرة الحيوانات معترف به أساسي الحقوق القانونية غير مسبوق,pseudo_sentence_word_context
1566,302,ar,شفوي,شفوي,4,5,فكرة الحيوانات معترف به أساسي الحقوق القانونية غير مسبوق,pseudo_sentence_word_context
1567,302,ar,الحجج,الحجج,5,6,فكرة الحيوانات معترف به أساسي الحقوق القانونية غير مسبوق,pseudo_sentence_word_context
1568,302,ar,كثير,كثير,6,7,فكرة الحيوانات معترف به أساسي الحقوق القانونية غير مسبوق,pseudo_sentence_word_context
1569,302,ar,ملخص,ملخص,7,8,فكرة الحيوانات معترف به أساسي الحقوق القانونية غير مسبوق,pseudo_sentence_word_context
1570,302,ar,يرمي,يرمي,8,9,فكرة الحيوانات معترف به أساسي الحقوق القانونية غير مسبوق,pseudo_sentence_word_context
1571,302,ar,قضية,قضية,9,10,فكرة الحيوانات معترف به أساسي الحقوق القانونية غير مسبوق,isolated_word_fallback_span_out_of_range
1572,303,ar,يفعل,يفعل,0,1,سنين الأرجنتين يحكم على جائزة التماس مُقَدَّم باسم بوينس آيرس,pseudo_sentence_word_context
1573,303,ar,يدفع,يدفع,1,2,سنين الأرجنتين يحكم على جائزة التماس مُقَدَّم باسم بوينس آيرس,pseudo_sentence_word_context
1574,303,ar,قانوني,قانوني,2,3,سنين الأرجنتين يحكم على جائزة التماس مُقَدَّم باسم بوينس آيرس,pseudo_sentence_word_context
1575,303,ar,مصاريف,مصاريف,3,4,سنين الأرجنتين يحكم على جائزة التماس مُقَدَّم باسم بوينس آيرس,pseudo_sentence_word_context
1576,303,ar,مناقشة,مناقشة,4,5,سنين الأرجنتين يحكم على جائزة التماس مُقَدَّم باسم بوينس آيرس,pseudo_sentence_word_context
1577,303,ar,منتهي,منتهي,5,6,سنين الأرجنتين يحكم على جائزة التماس مُقَدَّم باسم بوينس آيرس,pseudo_sentence_word_context
1578,303,ar,أعطِ,أعطِ,6,7,سنين الأرجنتين يحكم على جائزة التماس مُقَدَّم باسم بوينس آيرس,pseudo_sentence_word_context
1579,303,ar,المتهم,المتهم,7,8,سنين الأرجنتين يحكم على جائزة التماس مُقَدَّم باسم بوينس آيرس,pseudo_sentence_word_context
1580,303,ar,محامي,محامي,8,9,سنين الأرجنتين يحكم على جائزة التماس مُقَدَّم باسم بوينس آيرس,pseudo_sentence_word_context
1581,303,ar,سو,سو,9,10,سنين الأرجنتين يحكم على جائزة التماس مُقَدَّم باسم بوينس آيرس,pseudo_sentence_word_context
1582,304,ar,النشر الذاتي,النشر | الذاتي,0,2,محتجز صغير الحجم سيء قفص,pseudo_sentence_word_context
1583,304,ar,شركة,شركة,2,3,محتجز صغير الحجم سيء قفص,pseudo_sentence_word_context
1584,304,ar,مستخدم,مستخدم,3,4,محتجز صغير الحجم سيء قفص,pseudo_sentence_word_context
1585,304,ar,يعطي,يعطي,4,5,محتجز صغير الحجم سيء قفص,pseudo_sentence_word_context
1586,304,ar,حماية,حماية,5,6,محتجز صغير الحجم سيء قفص,isolated_word_fallback_span_out_of_range
1587,305,ar,يتمتع,يتمتع,0,1,يحكم على مقرر إنسان الغاب الحقوق الأساسية شخص مشتمل حرية,pseudo_sentence_word_context
1588,305,ar,عمل,عمل,1,2,يحكم على مقرر إنسان الغاب الحقوق الأساسية شخص مشتمل حرية,pseudo_sentence_word_context
1589,305,ar,قرد,قرد,2,3,يحكم على مقرر إنسان الغاب الحقوق الأساسية شخص مشتمل حرية,pseudo_sentence_word_context
1590,305,ar,محكمة,محكمة,3,4,يحكم على مقرر إنسان الغاب الحقوق الأساسية شخص مشتمل حرية,pseudo_sentence_word_context
1591,305,ar,سان فرانسيسكو,سان | فرانسيسكو,4,6,يحكم على مقرر إنسان الغاب الحقوق الأساسية شخص مشتمل حرية,pseudo_sentence_word_context
1592,305,ar,يوم,يوم,6,7,يحكم على مقرر إنسان الغاب الحقوق الأساسية شخص مشتمل حرية,pseudo_sentence_word_context
1593,305,ar,يريد,يريد,7,8,يحكم على مقرر إنسان الغاب الحقوق الأساسية شخص مشتمل حرية,pseudo_sentence_word_context
1594,305,ar,ينفق,ينفق,8,9,يحكم على مقرر إنسان الغاب الحقوق الأساسية شخص مشتمل حرية,pseudo_sentence_word_context
1595,305,ar,مال,مال,9,10,يحكم على مقرر إنسان الغاب الحقوق الأساسية شخص مشتمل حرية,pseudo_sentence_word_context
1596,305,ar,يسافر,يسافر,10,11,يحكم على مقرر إنسان الغاب الحقوق الأساسية شخص مشتمل حرية,isolated_word_fallback_span_out_of_range
1597,306,ar,طريق,طريق,0,1,جديد ولاية محامي يكافح المحاكم يتعرف على سجين الناس جدير بالثناء الحقوق القانونية الشركات,pseudo_sentence_word_context
1598,306,ar,كاليفورنيا,كاليفورنيا,1,2,جديد ولاية محامي يكافح المحاكم يتعرف على سجين الناس جدير بالثناء الحقوق القانونية الشركات,pseudo_sentence_word_context
1599,306,ar,ويلز,ويلز,2,3,جديد ولاية محامي يكافح المحاكم يتعرف على سجين الناس جدير بالثناء الحقوق القانونية الشركات,pseudo_sentence_word_context
1600,306,ar,منظر,منظر,3,4,جديد ولاية محامي يكافح المحاكم يتعرف على سجين الناس جدير بالثناء الحقوق القانونية الشركات,pseudo_sentence_word_context
1601,306,ar,الجميع,الجميع,4,5,جديد ولاية محامي يكافح المحاكم يتعرف على سجين الناس جدير بالثناء الحقوق القانونية الشركات,pseudo_sentence_word_context
1602,306,ar,السمع,السمع,5,6,جديد ولاية محامي يكافح المحاكم يتعرف على سجين الناس جدير بالثناء الحقوق القانونية الشركات,pseudo_sentence_word_context
1603,306,ar,منظر,منظر,6,7,جديد ولاية محامي يكافح المحاكم يتعرف على سجين الناس جدير بالثناء الحقوق القانونية الشركات,pseudo_sentence_word_context
1604,306,ar,يرى,يرى,7,8,جديد ولاية محامي يكافح المحاكم يتعرف على سجين الناس جدير بالثناء الحقوق القانونية الشركات,pseudo_sentence_word_context
1605,306,ar,القضاة,القضاة,8,9,جديد ولاية محامي يكافح المحاكم يتعرف على سجين الناس جدير بالثناء الحقوق القانونية الشركات,pseudo_sentence_word_context
1606,306,ar,محامي,محامي,9,10,جديد ولاية محامي يكافح المحاكم يتعرف على سجين الناس جدير بالثناء الحقوق القانونية الشركات,pseudo_sentence_word_context
1607,306,ar,آت,آت,10,11,جديد ولاية محامي يكافح المحاكم يتعرف على سجين الناس جدير بالثناء الحقوق القانونية الشركات,pseudo_sentence_word_context
1608,306,ar,محامي,محامي,11,12,جديد ولاية محامي يكافح المحاكم يتعرف على سجين الناس جدير بالثناء الحقوق القانونية الشركات,pseudo_sentence_word_context
1609,306,ar,آت,آت,12,13,جديد ولاية محامي يكافح المحاكم يتعرف على سجين الناس جدير بالثناء الحقوق القانونية الشركات,pseudo_sentence_word_context
1610,306,ar,بدأ,بدأ,13,14,جديد ولاية محامي يكافح المحاكم يتعرف على سجين الناس جدير بالثناء الحقوق القانونية الشركات,pseudo_sentence_word_context
1611,307,ar,يتحدث,يتحدث,0,1,شيء مصور سو قرد يوافق نقطة,pseudo_sentence_word_context
1612,307,ar,القرود,القرود,1,2,شيء مصور سو قرد يوافق نقطة,pseudo_sentence_word_context
1613,307,ar,عكس,عكس,2,3,شيء مصور سو قرد يوافق نقطة,pseudo_sentence_word_context
1614,307,ar,حقيقي,حقيقي,3,4,شيء مصور سو قرد يوافق نقطة,pseudo_sentence_word_context
1615,307,ar,فجأة,فجأة,4,5,شيء مصور سو قرد يوافق نقطة,pseudo_sentence_word_context
1616,307,ar,المدعى عليه,المدعى | عليه,5,7,شيء مصور سو قرد يوافق نقطة,isolated_word_fallback_span_out_of_range
1617,308,ar,قرد,قرد,0,1,حقيقة مستخدم يحمي أصدقاء تذمر حركات بهلوانية,pseudo_sentence_word_context
1618,308,ar,يفعل,يفعل,1,2,حقيقة مستخدم يحمي أصدقاء تذمر حركات بهلوانية,pseudo_sentence_word_context
1619,308,ar,السمع,السمع,2,3,حقيقة مستخدم يحمي أصدقاء تذمر حركات بهلوانية,pseudo_sentence_word_context
1620,308,ar,متبقي,متبقي,3,4,حقيقة مستخدم يحمي أصدقاء تذمر حركات بهلوانية,pseudo_sentence_word_context
1621,308,ar,الغابات المطيرة,الغابات | المطيرة,4,6,حقيقة مستخدم يحمي أصدقاء تذمر حركات بهلوانية,pseudo_sentence_word_context
1622,308,ar,أندونيسيا,أندونيسيا,6,7,حقيقة مستخدم يحمي أصدقاء تذمر حركات بهلوانية,pseudo_sentence_word_context
1623,308,ar,أخبار,أخبار,7,8,حقيقة مستخدم يحمي أصدقاء تذمر حركات بهلوانية,isolated_word_fallback_span_out_of_range
1624,309,ar,بسأل,بسأل,0,1,عبد رحلة يحمي بري الخنازير منزل إنجلترا,pseudo_sentence_word_context
1625,309,ar,محاسب,محاسب,1,2,عبد رحلة يحمي بري الخنازير منزل إنجلترا,pseudo_sentence_word_context
1626,309,ar,سنين,سنين,2,3,عبد رحلة يحمي بري الخنازير منزل إنجلترا,pseudo_sentence_word_context
1627,309,ar,الجنس البشري,الجنس | البشري,3,5,عبد رحلة يحمي بري الخنازير منزل إنجلترا,pseudo_sentence_word_context
1628,309,ar,إدارة,إدارة,5,6,عبد رحلة يحمي بري الخنازير منزل إنجلترا,pseudo_sentence_word_context
1629,309,ar,شخصية,شخصية,6,7,عبد رحلة يحمي بري الخنازير منزل إنجلترا,pseudo_sentence_word_context
1630,309,ar,أشياء,أشياء,7,8,عبد رحلة يحمي بري الخنازير منزل إنجلترا,isolated_word_fallback_span_out_of_range
1631,310,ar,أنفسهم,أنفسهم,0,1,الأكبر عار صالح محاولة يحقق له هدف,pseudo_sentence_word_context
1632,310,ar,قالوا,قالوا,1,2,الأكبر عار صالح محاولة يحقق له هدف,pseudo_sentence_word_context
1633,310,ar,محكمة الاستئناف,محكمة | الاستئناف,2,4,الأكبر عار صالح محاولة يحقق له هدف,pseudo_sentence_word_context
1634,310,ar,لم أرغب,لم | أرغب,4,6,الأكبر عار صالح محاولة يحقق له هدف,pseudo_sentence_word_context
1635,310,ar,قاعدة,قاعدة,6,7,الأكبر عار صالح محاولة يحقق له هدف,pseudo_sentence_word_context
1636,310,ar,قضية,قضية,7,8,الأكبر عار صالح محاولة يحقق له هدف,isolated_word_fallback_span_out_of_range
1637,310,ar,سبتمبر,سبتمبر,8,9,الأكبر عار صالح محاولة يحقق له هدف,isolated_word_fallback_span_out_of_range
1638,311,ar,تم الإعلان,تم | الإعلان,0,2,توفير الحيوانات معاناة النبيل سبب,pseudo_sentence_word_context
1639,311,ar,وصل,وصل,2,3,توفير الحيوانات معاناة النبيل سبب,pseudo_sentence_word_context
1640,311,ar,ترتيب,ترتيب,3,4,توفير الحيوانات معاناة النبيل سبب,pseudo_sentence_word_context
1641,311,ar,تفاصيل,تفاصيل,4,5,توفير الحيوانات معاناة النبيل سبب,pseudo_sentence_word_context
1642,311,ar,ترتيب,ترتيب,5,6,توفير الحيوانات معاناة النبيل سبب,isolated_word_fallback_span_out_of_range
1643,312,ar,سر,سر,0,1,يفكر محمول قوة,pseudo_sentence_word_context
1644,312,ar,يخبر,يخبر,1,2,يفكر محمول قوة,pseudo_sentence_word_context
1645,312,ar,كثير,كثير,2,3,يفكر محمول قوة,pseudo_sentence_word_context
1646,313,ar,هنا,هنا,0,1,حقيقة مجموعة يكتب حزب صحة الخصوم يفعل قف يفكر انتظر دقيقة,pseudo_sentence_word_context
1647,313,ar,معرفة,معرفة,1,2,حقيقة مجموعة يكتب حزب صحة الخصوم يفعل قف يفكر انتظر دقيقة,pseudo_sentence_word_context
1648,313,ar,قرد,قرد,2,3,حقيقة مجموعة يكتب حزب صحة الخصوم يفعل قف يفكر انتظر دقيقة,pseudo_sentence_word_context
1649,313,ar,صورة سيلفي,صورة | سيلفي,3,5,حقيقة مجموعة يكتب حزب صحة الخصوم يفعل قف يفكر انتظر دقيقة,pseudo_sentence_word_context
1650,313,ar,حقوق الطبع والنشر,حقوق | الطبع | والنشر,5,8,حقيقة مجموعة يكتب حزب صحة الخصوم يفعل قف يفكر انتظر دقيقة,pseudo_sentence_word_context
1651,313,ar,مسجل,مسجل,8,9,حقيقة مجموعة يكتب حزب صحة الخصوم يفعل قف يفكر انتظر دقيقة,pseudo_sentence_word_context
1652,313,ar,اسم,اسم,9,10,حقيقة مجموعة يكتب حزب صحة الخصوم يفعل قف يفكر انتظر دقيقة,pseudo_sentence_word_context
1653,313,ar,بلدان,بلدان,10,11,حقيقة مجموعة يكتب حزب صحة الخصوم يفعل قف يفكر انتظر دقيقة,pseudo_sentence_word_context
1654,313,ar,متفق,متفق,11,12,حقيقة مجموعة يكتب حزب صحة الخصوم يفعل قف يفكر انتظر دقيقة,isolated_word_fallback_span_out_of_range
1655,313,ar,يساهم,يساهم,12,13,حقيقة مجموعة يكتب حزب صحة الخصوم يفعل قف يفكر انتظر دقيقة,isolated_word_fallback_span_out_of_range
1656,313,ar,شهادة,شهادة,13,14,حقيقة مجموعة يكتب حزب صحة الخصوم يفعل قف يفكر انتظر دقيقة,isolated_word_fallback_span_out_of_range
1657,314,ar,ربح,ربح,0,1,نقطة,pseudo_sentence_word_context
1658,315,ar,صور,صور,0,1,,isolated_word_fallback_span_out_of_range
1659,316,ar,يحمي,يحمي,0,1,يفكر فلسفة سبب,pseudo_sentence_word_context
1660,316,ar,قرود المكاك,قرود | المكاك,1,3,يفكر فلسفة سبب,pseudo_sentence_word_context
1661,316,ar,ويكيبيديا,ويكيبيديا,3,4,يفكر فلسفة سبب,isolated_word_fallback_span_out_of_range
1662,317,ar,قرد,قرد,0,1,الحياة البرية الشخصيات جزء جزء محكمة قضية حمولة الحيوانات رخام الحقوق الأساسية احترام وصول عتيق الغابات وصول طعام,pseudo_sentence_word_context
1663,317,ar,صورة سيلفي,صورة | سيلفي,1,3,الحياة البرية الشخصيات جزء جزء محكمة قضية حمولة الحيوانات رخام الحقوق الأساسية احترام وصول عتيق الغابات وصول طعام,pseudo_sentence_word_context
1664,317,ar,تحميل,تحميل,3,4,الحياة البرية الشخصيات جزء جزء محكمة قضية حمولة الحيوانات رخام الحقوق الأساسية احترام وصول عتيق الغابات وصول طعام,pseudo_sentence_word_context
1665,317,ar,مطالبة,مطالبة,4,5,الحياة البرية الشخصيات جزء جزء محكمة قضية حمولة الحيوانات رخام الحقوق الأساسية احترام وصول عتيق الغابات وصول طعام,pseudo_sentence_word_context
1666,317,ar,الملكية العامة,الملكية | العامة,5,7,الحياة البرية الشخصيات جزء جزء محكمة قضية حمولة الحيوانات رخام الحقوق الأساسية احترام وصول عتيق الغابات وصول طعام,pseudo_sentence_word_context
1667,317,ar,مقاضاة,مقاضاة,7,8,الحياة البرية الشخصيات جزء جزء محكمة قضية حمولة الحيوانات رخام الحقوق الأساسية احترام وصول عتيق الغابات وصول طعام,pseudo_sentence_word_context
1668,317,ar,مأخوذ,مأخوذ,8,9,الحياة البرية الشخصيات جزء جزء محكمة قضية حمولة الحيوانات رخام الحقوق الأساسية احترام وصول عتيق الغابات وصول طعام,pseudo_sentence_word_context
1669,317,ar,يقول,يقول,9,10,الحياة البرية الشخصيات جزء جزء محكمة قضية حمولة الحيوانات رخام الحقوق الأساسية احترام وصول عتيق الغابات وصول طعام,pseudo_sentence_word_context
1670,317,ar,البرامج,البرامج,10,11,الحياة البرية الشخصيات جزء جزء محكمة قضية حمولة الحيوانات رخام الحقوق الأساسية احترام وصول عتيق الغابات وصول طعام,pseudo_sentence_word_context
1671,317,ar,آخر,آخر,11,12,الحياة البرية الشخصيات جزء جزء محكمة قضية حمولة الحيوانات رخام الحقوق الأساسية احترام وصول عتيق الغابات وصول طعام,pseudo_sentence_word_context
1672,317,ar,شيء,شيء,12,13,الحياة البرية الشخصيات جزء جزء محكمة قضية حمولة الحيوانات رخام الحقوق الأساسية احترام وصول عتيق الغابات وصول طعام,pseudo_sentence_word_context
1673,317,ar,مذكور,مذكور,13,14,الحياة البرية الشخصيات جزء جزء محكمة قضية حمولة الحيوانات رخام الحقوق الأساسية احترام وصول عتيق الغابات وصول طعام,pseudo_sentence_word_context
1674,317,ar,مجموعة,مجموعة,14,15,الحياة البرية الشخصيات جزء جزء محكمة قضية حمولة الحيوانات رخام الحقوق الأساسية احترام وصول عتيق الغابات وصول طعام,pseudo_sentence_word_context
1675,317,ar,القرود,القرود,15,16,الحياة البرية الشخصيات جزء جزء محكمة قضية حمولة الحيوانات رخام الحقوق الأساسية احترام وصول عتيق الغابات وصول طعام,pseudo_sentence_word_context
1676,317,ar,صورة سيلفي,صورة | سيلفي,16,18,الحياة البرية الشخصيات جزء جزء محكمة قضية حمولة الحيوانات رخام الحقوق الأساسية احترام وصول عتيق الغابات وصول طعام,pseudo_sentence_word_context
1677,317,ar,تم التقاط الصورة,تم | التقاط | الصورة,18,21,الحياة البرية الشخصيات جزء جزء محكمة قضية حمولة الحيوانات رخام الحقوق الأساسية احترام وصول عتيق الغابات وصول طعام,isolated_word_fallback_span_out_of_range
1678,317,ar,يوم,يوم,21,22,الحياة البرية الشخصيات جزء جزء محكمة قضية حمولة الحيوانات رخام الحقوق الأساسية احترام وصول عتيق الغابات وصول طعام,isolated_word_fallback_span_out_of_range
1679,317,ar,تمت استشارته,تمت | استشارته,22,24,الحياة البرية الشخصيات جزء جزء محكمة قضية حمولة الحيوانات رخام الحقوق الأساسية احترام وصول عتيق الغابات وصول طعام,isolated_word_fallback_span_out_of_range
1680,318,ar,عالم الرئيسيات,عالم | الرئيسيات,0,2,حقوق الحيوان محامي,pseudo_sentence_word_context
1681,318,ar,عمل,عمل,2,3,حقوق الحيوان محامي,pseudo_sentence_word_context
1682,318,ar,أسود,أسود,3,4,حقوق الحيوان محامي,isolated_word_fallback_span_out_of_range
1683,319,ar,قرود المكاك,قرود | المكاك,0,2,ضائع دائري محكمة,pseudo_sentence_word_context
1684,319,ar,معترف به,معترف | به,2,4,ضائع دائري محكمة,isolated_word_fallback_span_out_of_range
1685,319,ar,قرد,قرد,4,5,ضائع دائري محكمة,isolated_word_fallback_span_out_of_range
1686,320,ar,مشهور,مشهور,0,1,مُسَمًّى يخبر أخبار,pseudo_sentence_word_context
1687,320,ar,صورة سيلفي,صورة | سيلفي,1,3,مُسَمًّى يخبر أخبار,pseudo_sentence_word_context
1688,320,ar,يقول,يقول,3,4,مُسَمًّى يخبر أخبار,isolated_word_fallback_span_out_of_range
1689,321,ar,ذكر,ذكر,0,1,درس,pseudo_sentence_word_context
1690,322,ar,يتذكر,يتذكر,0,1,يقول بالطبع,pseudo_sentence_word_context
1691,322,ar,أنثى,أنثى,1,2,يقول بالطبع,pseudo_sentence_word_context
1692,323,ar,يتذكر,يتذكر,0,1,بالطبع رمي,pseudo_sentence_word_context
1693,323,ar,لون القرنفل,لون | القرنفل,1,3,بالطبع رمي,isolated_word_fallback_span_out_of_range
1694,324,ar,مؤخرة,مؤخرة,0,1,يقول,pseudo_sentence_word_context
1695,325,ar,ذكر,ذكر,0,1,طريق يذهب,pseudo_sentence_word_context
1696,325,ar,أنثى,أنثى,1,2,طريق يذهب,pseudo_sentence_word_context
1697,326,ar,قرود المكاك,قرود | المكاك,0,2,قرد جاذبية,pseudo_sentence_word_context
1698,326,ar,الحد الأقصى,الحد | الأقصى,2,4,قرد جاذبية,isolated_word_fallback_span_out_of_range
1699,327,ar,تحضير,تحضير,0,1,صباح الخير التميز,pseudo_sentence_word_context
1700,327,ar,كذب,كذب,1,2,صباح الخير التميز,pseudo_sentence_word_context
1701,327,ar,مطالبة,مطالبة,2,3,صباح الخير التميز,pseudo_sentence_word_context
1702,328,ar,خطأ,خطأ,0,1,محكمة باسم المستأنف,pseudo_sentence_word_context
1703,328,ar,قرد,قرد,1,2,محكمة باسم المستأنف,pseudo_sentence_word_context
1704,328,ar,محكمة,محكمة,2,3,محكمة باسم المستأنف,pseudo_sentence_word_context
1705,329,ar,أخذ,أخذ,0,1,قضية القضاة محكمة محكمة الاستئناف قضية,pseudo_sentence_word_context
1706,329,ar,فني,فني,1,2,قضية القضاة محكمة محكمة الاستئناف قضية,pseudo_sentence_word_context
1707,329,ar,عمل,عمل,2,3,قضية القضاة محكمة محكمة الاستئناف قضية,pseudo_sentence_word_context
1708,329,ar,صنع,صنع,3,4,قضية القضاة محكمة محكمة الاستئناف قضية,pseudo_sentence_word_context
1709,329,ar,أنثى,أنثى,4,5,قضية القضاة محكمة محكمة الاستئناف قضية,pseudo_sentence_word_context
1710,329,ar,قرد,قرد,5,6,قضية القضاة محكمة محكمة الاستئناف قضية,pseudo_sentence_word_context
1711,330,ar,يفكر,يفكر,0,1,لافتة الفائزون يسافر منع سنة,pseudo_sentence_word_context
1712,330,ar,النسويات,النسويات,1,2,لافتة الفائزون يسافر منع سنة,pseudo_sentence_word_context
1713,330,ar,يبدأ,يبدأ,2,3,لافتة الفائزون يسافر منع سنة,pseudo_sentence_word_context
1714,330,ar,يعترض,يعترض,3,4,لافتة الفائزون يسافر منع سنة,pseudo_sentence_word_context
1715,330,ar,تأمين,تأمين,4,5,لافتة الفائزون يسافر منع سنة,pseudo_sentence_word_context
1716,331,ar,سيدتي,سيدتي,0,1,القضاة فوضى,pseudo_sentence_word_context
1717,331,ar,قرد,قرد,1,2,القضاة فوضى,pseudo_sentence_word_context
1718,332,ar,خبرة,خبرة,0,1,صنع ثوانٍ شفوي مطالبة القضاة مضطرب احترام,pseudo_sentence_word_context
1719,332,ar,طبيعة,طبيعة,1,2,صنع ثوانٍ شفوي مطالبة القضاة مضطرب احترام,pseudo_sentence_word_context
1720,332,ar,الجنس البشري,الجنس | البشري,2,4,صنع ثوانٍ شفوي مطالبة القضاة مضطرب احترام,pseudo_sentence_word_context
1721,332,ar,القرود,القرود,4,5,صنع ثوانٍ شفوي مطالبة القضاة مضطرب احترام,pseudo_sentence_word_context
1722,332,ar,تحامق,تحامق,5,6,صنع ثوانٍ شفوي مطالبة القضاة مضطرب احترام,pseudo_sentence_word_context
1723,332,ar,عكس,عكس,6,7,صنع ثوانٍ شفوي مطالبة القضاة مضطرب احترام,pseudo_sentence_word_context
1724,332,ar,الكاميرات,الكاميرات,7,8,صنع ثوانٍ شفوي مطالبة القضاة مضطرب احترام,isolated_word_fallback_span_out_of_range
1725,333,ar,بشر,بشر,0,1,تمهيدي سؤال عنوان,pseudo_sentence_word_context
1726,333,ar,كعكة المافن,كعكة | المافن,1,3,تمهيدي سؤال عنوان,pseudo_sentence_word_context
1727,333,ar,يضيع,يضيع,3,4,تمهيدي سؤال عنوان,isolated_word_fallback_span_out_of_range
1728,334,ar,المئات,المئات,0,1,منصة المحامون القضاة مناقشة قضية قانون,pseudo_sentence_word_context
1729,334,ar,الآلاف,الآلاف,1,2,منصة المحامون القضاة مناقشة قضية قانون,pseudo_sentence_word_context
1730,334,ar,دولارات,دولارات,2,3,منصة المحامون القضاة مناقشة قضية قانون,pseudo_sentence_word_context
1731,334,ar,سنين,سنين,3,4,منصة المحامون القضاة مناقشة قضية قانون,pseudo_sentence_word_context
1732,334,ar,حياة,حياة,4,5,منصة المحامون القضاة مناقشة قضية قانون,pseudo_sentence_word_context
1733,334,ar,يذهب,يذهب,5,6,منصة المحامون القضاة مناقشة قضية قانون,pseudo_sentence_word_context
1734,335,ar,محكمة,محكمة,0,1,القضاة حبكة أسئلة معتمد التالي صديق,pseudo_sentence_word_context
